time,rainfall_mm,wind_speed_avg,temp_min,temp_max,et,hum_out,solar_rad_avg,psmd
2022-07-01,0.4,7.478260869565218,10.222222222222221,20.111111111111114,0.181,73.3913043478261,6128,0.21900000000000003
2022-07-02,0.0,5.75,9.500000000000002,23.444444444444446,0.184,69.66666666666667,5911,0.03500000000000003
2022-07-03,0.0,6.958333333333333,11.444444444444446,19.777777777777775,0.195,71.29166666666667,6438,-0.15999999999999998
2022-07-04,0.0,5.208333333333333,10.277777777777779,21.27777777777778,0.19,75.33333333333333,6842,-0.35
2022-07-05,0.0,4.291666666666667,10.722222222222221,19.88888888888889,0.196,70.79166666666667,7323,-0.546
2022-07-06,0.0,4.333333333333333,9.27777777777778,21.555555555555554,0.173,75.45833333333333,6321,-0.7190000000000001
2022-07-07,0.2,8.916666666666666,10.833333333333334,18.5,0.149,74.33333333333333,4542,-0.668
2022-07-08,0.0,2.9166666666666665,9.61111111111111,23.333333333333336,0.197,72.16666666666667,7357,-0.865
2022-07-09,0.0,6.291666666666667,12.5,19.94444444444445,0.185,79.33333333333333,6959,-1.05
2022-07-10,0.0,2.2083333333333335,10.777777777777777,23.5,0.195,69.54166666666667,7259,-1.245
2022-07-11,0.0,2.5416666666666665,12.11111111111111,24.555555555555557,0.195,73.0,7163,-1.4400000000000002
2022-07-12,0.0,2.375,13.833333333333334,29.777777777777775,0.175,68.25,5746,-1.6150000000000002
2022-07-13,0.0,5.375,16.666666666666668,24.333333333333332,0.169,71.20833333333333,5029,-1.7840000000000003
2022-07-14,0.0,4.875,14.777777777777779,21.27777777777778,0.177,70.91666666666667,5935,-1.9610000000000003
2022-07-15,0.0,3.4166666666666665,11.11111111111111,21.555555555555554,0.197,67.95833333333333,7184,-2.1580000000000004
2022-07-16,0.0,5.541666666666667,12.166666666666666,21.888888888888893,0.215,67.66666666666667,7206,-2.373
2022-07-17,0.0,2.625,10.444444444444443,27.888888888888893,0.204,58.5,6694,-2.5770000000000004
2022-07-18,0.0,2.4583333333333335,13.388888888888891,34.05555555555556,0.231,50.875,6767,-2.8080000000000003
2022-07-19,0.0,4.625,17.0,37.94444444444444,0.294,42.208333333333336,6826,-3.1020000000000003
2022-07-20,7.6,4.875,17.38888888888889,24.22222222222222,0.079,82.29166666666667,2143,4.419
2022-07-21,3.8000000000000003,6.458333333333333,16.61111111111111,20.111111111111114,0.09,84.875,2963,8.129
2022-07-22,0.0,4.416666666666667,13.944444444444446,20.555555555555557,0.114,78.16666666666667,3764,8.014999999999999
2022-07-23,0.0,3.3333333333333335,12.888888888888891,24.277777777777782,0.168,77.0,6125,7.846999999999999
2022-07-24,0.0,5.166666666666667,14.11111111111111,29.055555555555554,0.215,66.29166666666667,6343,7.631999999999999
2022-07-25,0.0,9.333333333333334,17.5,22.77777777777778,0.175,71.875,3943,7.456999999999999
2022-07-26,3.2,5.875,14.444444444444445,19.22222222222222,0.119,75.08333333333333,3706,10.538
2022-07-27,0.0,4.75,10.777777777777777,19.94444444444445,0.183,70.625,6425,10.355
2022-07-28,0.0,6.75,12.5,21.888888888888893,0.156,65.70833333333333,4112,10.199
2022-07-29,0.0,3.5416666666666665,13.111111111111112,21.888888888888893,0.182,72.125,6633,10.017
2022-07-30,0.0,4.083333333333333,12.277777777777779,24.88888888888889,0.139,74.04166666666667,4343,9.878
2022-07-31,2.2,8.958333333333334,16.555555555555554,23.944444444444443,0.13,82.45833333333333,3506,11.948
2022-08-01,0.0,3.625,17.0,23.5,0.149,77.16666666666667,5233,11.799000000000001
2022-08-02,0.0,7.0,14.722222222222223,26.611111111111114,0.188,78.0,5847,11.611
2022-08-03,0.0,4.791666666666667,15.5,28.83333333333334,0.194,76.875,6411,11.417
2022-08-04,0.0,5.458333333333333,17.38888888888889,23.666666666666664,0.147,75.875,4685,11.27
2022-08-05,0.0,5.458333333333333,11.277777777777777,20.666666666666668,0.18,69.0,6018,11.09
2022-08-06,0.0,2.8333333333333335,10.388888888888891,21.444444444444443,0.168,67.95833333333333,6030,10.922
2022-08-07,0.0,3.1666666666666665,10.222222222222221,21.666666666666668,0.183,68.29166666666667,6419,10.739
2022-08-08,0.0,5.125,10.444444444444443,22.888888888888893,0.184,74.875,6292,10.555000000000001
2022-08-09,0.0,7.666666666666667,14.333333333333332,22.666666666666668,0.198,76.08333333333333,6269,10.357000000000001
2022-08-10,0.0,6.708333333333333,15.833333333333334,26.555555555555554,0.205,72.16666666666667,6087,10.152000000000001
2022-08-11,0.0,5.333333333333333,15.611111111111112,29.388888888888893,0.222,64.29166666666667,6117,9.930000000000001
2022-08-12,0.0,5.666666666666667,15.944444444444446,30.388888888888893,0.226,60.875,5961,9.704
2022-08-13,0.0,3.7916666666666665,14.666666666666666,31.500000000000004,0.228,51.666666666666664,6047,9.476
2022-08-14,0.0,3.125,15.111111111111112,31.27777777777778,0.174,49.958333333333336,4435,9.302000000000001
2022-08-15,0.2,5.708333333333333,17.77777777777778,26.611111111111114,0.155,72.0,4501,9.347000000000001
2022-08-16,0.7999999999999999,3.7916666666666665,15.66666666666667,27.055555555555557,0.11,80.20833333333333,3375,10.037
2022-08-17,19.6,3.0,16.666666666666668,21.333333333333336,0.04,90.45833333333333,1447,29.597
2022-08-18,2.8000000000000003,2.625,15.333333333333334,23.61111111111111,0.127,85.0,4755,32.27
2022-08-19,0.2,6.125,15.166666666666666,23.000000000000004,0.084,87.79166666666667,2699,32.386
2022-08-20,0.0,6.083333333333333,13.333333333333334,22.44444444444445,0.175,73.625,5566,32.211000000000006
2022-08-21,0.0,4.125,12.166666666666666,21.444444444444443,0.104,78.75,3317,32.107000000000006
2022-08-22,0.0,3.25,12.944444444444443,27.38888888888889,0.134,75.375,4163,31.973000000000006
2022-08-23,0.0,3.9583333333333335,16.555555555555554,24.555555555555557,0.108,82.375,3503,31.865000000000006
2022-08-24,0.0,3.2916666666666665,16.833333333333332,26.888888888888893,0.125,83.66666666666667,4235,31.740000000000006
2022-08-25,0.0,6.083333333333333,17.333333333333336,25.944444444444446,0.119,83.16666666666667,3736,31.621000000000006
2022-08-26,0.0,6.375,15.0,21.05555555555556,0.119,75.58333333333333,3396,31.502000000000006
2022-08-27,0.0,5.583333333333333,12.333333333333336,21.222222222222225,0.141,74.33333333333333,4264,31.361000000000008
2022-08-28,0.0,8.833333333333334,12.11111111111111,22.333333333333336,0.185,71.75,5261,31.17600000000001
2022-08-29,0.0,6.625,13.499999999999998,21.72222222222222,0.172,70.75,5173,31.00400000000001
2022-08-30,0.0,9.083333333333334,13.722222222222225,23.166666666666668,0.161,75.29166666666667,4267,30.843000000000007
2022-08-31,0.0,10.958333333333334,16.833333333333332,22.38888888888889,0.207,65.95833333333333,5104,30.636000000000006
2022-09-01,0.0,6.958333333333333,14.11111111111111,25.888888888888886,0.179,57.625,4218,30.457000000000008
2022-09-02,2.4,3.1666666666666665,12.555555555555557,26.666666666666668,0.124,69.20833333333333,3799,32.733000000000004
2022-09-03,0.4,2.7083333333333335,16.11111111111111,25.333333333333332,0.102,81.25,3455,33.031000000000006
2022-09-04,0.0,3.2916666666666665,14.500000000000002,24.722222222222225,0.132,81.125,4689,32.89900000000001
2022-09-05,2.4000000000000004,3.375,16.555555555555554,24.833333333333336,0.084,75.0,2335,35.21500000000001
2022-09-06,7.8,3.875,15.222222222222221,24.88888888888889,0.10400000000000001,82.25,3538,42.91100000000001
2022-09-07,0.2,4.458333333333333,14.000000000000002,22.722222222222225,0.105,80.625,3430,43.00600000000001
2022-09-08,8.8,5.541666666666667,14.666666666666666,20.166666666666664,0.093,85.125,2992,51.71300000000001
2022-09-09,27.8,9.416666666666666,14.666666666666666,19.88888888888889,0.106,86.95833333333333,3146,79.40700000000001
2022-09-10,0.0,8.25,15.277777777777779,19.27777777777778,0.108,84.625,3415,79.299
2022-09-11,0.2,2.375,13.111111111111112,21.944444444444446,0.114,83.83333333333333,4424,79.385
2022-09-12,0.0,2.6666666666666665,12.388888888888888,25.777777777777782,0.123,75.70833333333333,4282,79.262
2022-09-13,2.4,4.416666666666667,16.055555555555557,21.444444444444443,0.049,88.16666666666667,1565,81.613
2022-09-14,37.4,4.791666666666667,12.722222222222221,16.444444444444446,0.021,93.08333333333333,692,118.99199999999999
2022-09-15,0.0,6.5,13.777777777777777,18.666666666666664,0.113,74.33333333333333,3383,118.87899999999999
2022-09-16,5.6000000000000005,13.25,12.000000000000002,16.222222222222225,0.139,70.58333333333333,2866,124.33999999999999
2022-09-17,0.0,14.208333333333334,12.944444444444443,15.166666666666666,0.136,69.41666666666667,2808,124.204
2022-09-18,1.6,11.041666666666666,13.111111111111112,16.555555555555554,0.128,67.5,2657,125.67599999999999
2022-09-19,0.0,7.458333333333333,13.333333333333334,16.722222222222225,0.138,65.08333333333333,3876,125.53799999999998
2022-09-20,0.0,4.375,11.333333333333334,17.11111111111111,0.097,70.625,2907,125.44099999999999
2022-09-21,0.0,1.625,8.166666666666668,17.611111111111114,0.079,78.20833333333333,3204,125.362
2022-09-22,0.0,1.8333333333333333,5.999999999999999,19.72222222222222,0.098,76.41666666666667,3714,125.264
2022-09-23,11.2,4.333333333333333,9.333333333333332,18.5,0.041,87.04166666666667,1450,136.423
2022-09-24,13.0,7.5,11.38888888888889,17.166666666666668,0.076,84.16666666666667,2196,149.347
2022-09-25,13.799999999999999,2.875,10.5,15.0,0.048,87.04166666666667,1881,163.09900000000002
2022-09-26,21.6,10.125,10.944444444444446,15.5,0.067,82.41666666666667,1471,184.632
2022-09-27,10.6,10.041666666666666,10.055555555555557,13.388888888888891,0.084,77.20833333333333,2049,195.148
2022-09-28,7.2,6.625,8.944444444444446,13.88888888888889,0.08399999999999999,79.20833333333333,2554,202.264
2022-09-29,5.2,3.0833333333333335,8.944444444444446,15.222222222222221,0.072,83.125,3008,207.392
2022-09-30,9.0,7.291666666666667,7.3888888888888875,16.77777777777778,0.092,81.875,3062,216.29999999999998
2022-10-01,1.2,10.583333333333334,11.944444444444445,17.944444444444443,0.101,83.375,3067,217.39899999999997
2022-10-02,3.8,5.0,9.11111111111111,16.61111111111111,0.052,86.33333333333333,1768,221.14699999999996
2022-10-03,0.0,2.25,7.055555555555557,17.333333333333336,0.067,85.08333333333333,2728,221.07999999999996
2022-10-04,0.0,5.958333333333333,8.111111111111112,18.22222222222222,0.067,86.45833333333333,2324,221.01299999999995
2022-10-05,1.2,11.458333333333334,14.166666666666668,18.277777777777782,0.075,79.20833333333333,1268,222.13799999999995
2022-10-06,0.0,7.25,8.555555555555555,17.055555555555557,0.115,74.625,3435,222.02299999999994
2022-10-07,1.0,7.041666666666667,8.722222222222225,17.833333333333332,0.083,81.04166666666667,2514,222.93999999999994
2022-10-08,0.6,6.791666666666667,7.000000000000001,15.388888888888891,0.095,78.125,3175,223.44499999999994
2022-10-09,0.0,2.625,4.333333333333332,17.166666666666668,0.084,80.625,3227,223.36099999999993
2022-10-10,0.8,3.9583333333333335,6.7777777777777795,14.444444444444445,0.032,84.79166666666667,1015,224.12899999999993
2022-10-11,0.0,1.5,4.833333333333335,15.66666666666667,0.054,85.41666666666667,2403,224.07499999999993
2022-10-12,0.0,2.375,2.2777777777777786,15.388888888888891,0.059,85.5,2315,224.01599999999993
2022-10-13,8.0,3.3333333333333335,12.11111111111111,13.499999999999998,0.012,94.375,505,232.00399999999993
2022-10-14,1.6,3.875,13.444444444444446,16.222222222222225,0.038,90.79166666666667,1516,233.56599999999995
2022-10-15,3.0,7.291666666666667,12.5,17.5,0.062,88.25,1824,236.50399999999993
2022-10-16,1.2,5.083333333333333,11.722222222222223,17.611111111111114,0.052,87.33333333333333,1918,237.65199999999993
2022-10-17,3.8000000000000003,4.791666666666667,13.388888888888891,18.111111111111107,0.03,90.875,1001,241.42199999999994
2022-10-18,0.0,2.7083333333333335,9.38888888888889,18.388888888888886,0.062,88.58333333333333,2539,241.35999999999993
2022-10-19,0.0,8.708333333333334,9.722222222222223,16.555555555555554,0.064,86.875,2102,241.29599999999994
2022-10-20,5.4,5.083333333333333,11.833333333333332,19.61111111111111,0.043,90.875,1586,246.65299999999993
2022-10-21,0.0,5.916666666666667,12.666666666666666,20.500000000000004,0.076,85.375,2379,246.57699999999994
2022-10-22,0.2,5.208333333333333,12.888888888888891,18.5,0.06,86.75,1931,246.71699999999993
2022-10-23,19.8,6.333333333333333,12.5,19.22222222222222,0.041,88.54166666666667,1201,266.47599999999994
2022-10-24,10.6,10.875,13.277777777777777,17.22222222222222,0.061,86.125,1231,277.01499999999993
2022-10-25,0.4,5.791666666666667,11.666666666666668,17.166666666666668,0.051,89.20833333333333,2069,277.3639999999999
2022-10-26,0.0,6.083333333333333,13.16666666666667,19.833333333333336,0.075,85.625,2130,277.28899999999993
2022-10-27,0.2,5.291666666666667,13.16666666666667,20.388888888888893,0.051000000000000004,87.5,1492,277.43799999999993
2022-10-28,0.0,5.5,12.833333333333334,20.555555555555557,0.057,87.20833333333333,1578,277.3809999999999
2022-10-29,0.0,4.125,12.11111111111111,22.277777777777775,0.056,86.375,1716,277.32499999999993
2022-10-30,0.0,3.869565217391304,10.388888888888891,17.055555555555557,0.032,88.69565217391305,1058,277.29299999999995
2022-10-31,0.2,4.583333333333333,8.555555555555555,16.61111111111111,0.035,91.58333333333333,1244,277.45799999999997
2022-11-01,7.2,13.875,11.555555555555555,16.444444444444446,0.079,80.95833333333333,1449,284.57899999999995
2022-11-02,3.1999999999999997,10.5,8.277777777777777,14.000000000000002,0.069,80.875,1693,287.7099999999999
2022-11-03,5.6,9.583333333333334,8.444444444444446,14.333333333333332,0.037,86.95833333333333,677,293.2729999999999
2022-11-04,6.0,4.5,8.499999999999998,13.0,0.037,84.95833333333333,1062,299.23599999999993
2022-11-05,1.2000000000000002,6.375,4.666666666666666,11.222222222222225,0.027,89.5,742,300.40899999999993
2022-11-06,21.6,10.958333333333334,9.833333333333336,11.166666666666668,0.023,92.375,241,321.98599999999993
2022-11-07,9.2,9.875,10.555555555555555,14.833333333333336,0.038,88.45833333333333,801,331.1479999999999
2022-11-08,0.0,10.5,11.055555555555555,16.166666666666668,0.056,83.33333333333333,1133,331.0919999999999
2022-11-09,2.0,8.583333333333334,9.944444444444445,14.055555555555555,0.047,87.125,1262,333.0449999999999
2022-11-10,0.0,7.583333333333333,9.27777777777778,14.38888888888889,0.044,89.70833333333333,1499,333.0009999999999
2022-11-11,0.0,7.375,6.222222222222224,12.166666666666666,0.031,91.70833333333333,1308,332.9699999999999
2022-11-12,0.0,3.5833333333333335,4.722222222222222,9.500000000000002,0.013000000000000001,96.5,751,332.95699999999994
2022-11-13,0.0,1.4166666666666667,3.3333333333333335,13.833333333333334,0.032,93.91666666666667,1595,332.92499999999995
2022-11-14,0.4,4.791666666666667,1.2222222222222239,8.944444444444446,0.009000000000000001,97.58333333333333,549,333.316
2022-11-15,2.0,8.666666666666666,7.611111111111113,11.88888888888889,0.021,92.79166666666667,678,335.29499999999996
2022-11-16,17.4,8.666666666666666,6.944444444444445,11.555555555555555,0.026000000000000002,91.79166666666667,828,352.669
2022-11-17,1.2000000000000002,13.916666666666666,8.777777777777777,12.5,0.05,86.29166666666667,853,353.81899999999996
2022-11-18,3.6,5.5,6.7777777777777795,11.166666666666668,0.017,88.5,347,357.402
2022-11-19,0.4,6.416666666666667,3.8888888888888893,11.055555555555555,0.018000000000000002,90.08333333333333,380,357.784
2022-11-20,0.6000000000000001,8.75,3.611111111111111,10.666666666666668,0.031,88.16666666666667,554,358.353
2022-11-21,3.2,8.25,3.055555555555556,9.333333333333332,0.022,89.58333333333333,385,361.531
2022-11-22,4.2,8.958333333333334,4.777777777777779,9.777777777777779,0.026000000000000002,91.33333333333333,833,365.705
2022-11-23,5.2,8.541666666666666,5.277777777777778,10.611111111111112,0.024,91.58333333333333,650,370.881
2022-11-24,9.2,8.833333333333334,5.555555555555555,11.555555555555555,0.032,89.04166666666667,1010,380.049
2022-11-25,4.6,6.166666666666667,5.055555555555556,11.944444444444445,0.032,89.25,1090,384.61699999999996
2022-11-26,0.0,6.666666666666667,4.61111111111111,11.11111111111111,0.027,92.70833333333333,974,384.59
2022-11-27,26.0,9.125,6.666666666666667,8.777777777777777,0.015,94.41666666666667,229,410.575
2022-11-28,2.4000000000000004,3.5833333333333335,4.166666666666667,11.222222222222225,0.016,95.20833333333333,802,412.959
2022-11-29,0.4,2.0,1.055555555555555,5.88888888888889,0.011,97.625,717,413.348
2022-11-30,0.0,1.9166666666666667,2.166666666666666,9.555555555555557,0.02,96.79166666666667,1184,413.32800000000003
2022-12-01,0.2,1.4583333333333333,0.33333333333333415,7.611111111111113,0.019,93.16666666666667,1091,413.509
2022-12-02,0.0,6.166666666666667,1.9444444444444446,4.777777777777779,0.021,90.91666666666667,569,413.488
2022-12-03,0.0,8.708333333333334,1.6666666666666667,2.9999999999999996,0.024,87.5,373,413.464
2022-12-04,0.0,6.5,-0.05555555555555635,2.2222222222222223,0.011,90.95833333333333,310,413.453
2022-12-05,0.0,1.7083333333333333,1.7777777777777795,5.333333333333334,0.006,93.58333333333333,266,413.447
2022-12-06,2.8,2.4583333333333335,2.166666666666666,7.777777777777779,0.02,91.875,817,416.227
2022-12-07,4.6,6.416666666666667,5.055555555555556,7.444444444444444,0.027,85.70833333333333,577,420.79999999999995
2022-12-08,0.6000000000000001,5.583333333333333,0.9999999999999984,5.666666666666669,0.029,80.625,722,421.371
2022-12-09,2.6000000000000005,2.4166666666666665,-0.6111111111111119,5.777777777777778,0.014,92.25,806,423.957
2022-12-10,0.0,4.416666666666667,-1.7777777777777775,4.944444444444444,0.018000000000000002,94.29166666666667,1037,423.939
2022-12-11,0.0,5.583333333333333,-0.6666666666666663,1.055555555555555,0.005,92.625,282,423.934
2022-12-12,0.0,4.0,-4.111111111111111,0.44444444444444287,0.01,91.33333333333333,756,423.92400000000004
2022-12-13,0.0,3.7916666666666665,-5.055555555555556,-0.5555555555555556,0.016,89.25,706,423.908
2022-12-14,0.0,1.125,-4.500000000000001,1.7777777777777795,0.012,89.875,964,423.896
2022-12-15,0.4,1.5,-3.8888888888888893,5.055555555555556,0.015,90.04166666666667,994,424.281
2022-12-16,0.4,1.5416666666666667,-2.2777777777777786,4.777777777777779,0.018000000000000002,87.91666666666667,1059,424.663
2022-12-17,0.0,4.583333333333333,-4.944444444444444,0.8333333333333334,0.013000000000000001,89.70833333333333,834,424.65000000000003
2022-12-18,10.0,7.041666666666667,-7.277777777777779,2.611111111111113,0.007,91.33333333333333,299,434.64300000000003
2022-12-19,3.2,10.458333333333334,2.9999999999999996,8.666666666666668,0.018000000000000002,92.45833333333333,339,437.82500000000005
2022-12-20,4.0,7.25,7.3888888888888875,10.666666666666668,0.015,93.45833333333333,128,441.81000000000006
2022-12-21,2.2,6.208333333333333,6.333333333333333,9.166666666666668,0.011,95.125,511,443.9990000000001
2022-12-22,7.8,5.875,7.3888888888888875,10.555555555555555,0.009000000000000001,95.91666666666667,403,451.7900000000001
2022-12-23,14.999999999999998,10.541666666666666,9.000000000000002,13.111111111111112,0.018000000000000002,91.25,181,466.77200000000005
2022-12-24,0.0,5.708333333333333,9.11111111111111,11.444444444444446,0.018000000000000002,93.04166666666667,606,466.7540000000001
2022-12-25,8.4,4.708333333333333,8.666666666666668,9.944444444444445,0.004,95.29166666666667,241,475.1500000000001
2022-12-26,2.2,8.125,3.111111111111112,9.61111111111111,0.032,84.5,613,477.3180000000001
2022-12-27,0.0,7.75,2.666666666666665,8.88888888888889,0.022,89.33333333333333,620,477.2960000000001
2022-12-28,3.2,14.875,7.944444444444443,11.555555555555555,0.03,90.375,267,480.4660000000001
2022-12-29,4.0,12.125,5.88888888888889,11.222222222222225,0.037,87.5,457,484.42900000000014
2022-12-30,5.0,12.5,4.388888888888888,12.888888888888891,0.019,91.625,175,489.41000000000014
2022-12-31,16.2,13.416666666666666,10.666666666666668,15.722222222222221,0.047,84.0,218,505.56300000000016
2023-01-01,2.8000000000000003,8.458333333333334,10.555555555555555,13.444444444444446,0.035,85.58333333333333,610,508.32800000000015
2023-01-02,3.6,5.583333333333333,3.3888888888888897,11.77777777777778,0.009000000000000001,92.04166666666667,314,511.91900000000015
2023-01-03,3.0,8.875,1.555555555555554,10.444444444444443,0.027,90.5,823,514.8920000000002
2023-01-04,0.8,14.916666666666666,10.166666666666666,13.0,0.035,89.0,275,515.6570000000002
2023-01-05,3.0,9.833333333333334,9.444444444444445,12.222222222222223,0.029,89.20833333333333,466,518.6280000000002
2023-01-06,1.4000000000000001,8.75,9.833333333333336,11.444444444444446,0.031,90.08333333333333,766,519.9970000000002
2023-01-07,2.8,12.458333333333334,8.333333333333334,10.88888888888889,0.039,85.79166666666667,483,522.7580000000002
2023-01-08,1.0,8.958333333333334,5.055555555555556,9.777777777777779,0.039,86.79166666666667,1017,523.7190000000002
2023-01-09,1.4,11.666666666666666,6.222222222222224,8.88888888888889,0.04,82.75,445,525.0790000000002
2023-01-10,4.4,10.625,3.3888888888888897,12.166666666666666,0.022,89.25,223,529.4570000000002
2023-01-11,6.4,12.583333333333334,8.055555555555555,11.833333333333332,0.045,86.45833333333333,1000,535.8120000000002
2023-01-12,13.600000000000001,16.5,9.11111111111111,11.444444444444446,0.027,90.66666666666667,195,549.3850000000002
2023-01-13,0.4,14.208333333333334,5.777777777777778,10.388888888888891,0.064,79.5,1023,549.7210000000002
2023-01-14,5.2,13.5,5.777777777777778,12.277777777777779,0.03,87.5,150,554.8910000000002
2023-01-15,14.6,11.875,2.7222222222222214,7.888888888888891,0.043000000000000003,82.54166666666667,751,569.4480000000002
2023-01-16,27.8,14.041666666666666,3.1666666666666683,6.166666666666668,0.03,87.04166666666667,279,597.2180000000002
2023-01-17,0.0,2.75,-0.8333333333333334,4.666666666666666,0.024,83.70833333333333,1294,597.1940000000002
2023-01-18,0.0,6.083333333333333,-0.22222222222222143,5.222222222222221,0.036000000000000004,82.125,1320,597.1580000000002
2023-01-19,2.0,5.916666666666667,0.0,5.666666666666669,0.03,84.45833333333333,1201,599.1280000000003
2023-01-20,5.0,10.708333333333334,0.1666666666666651,6.222222222222224,0.037,85.70833333333333,847,604.0910000000002
2023-01-21,0.0,3.5833333333333335,-1.9444444444444446,3.9444444444444455,0.026000000000000002,88.125,1390,604.0650000000003
2023-01-22,0.0,2.875,-2.333333333333333,3.7777777777777763,0.021,89.5,1059,604.0440000000003
2023-01-23,0.0,4.291666666666667,1.5000000000000016,4.61111111111111,0.018000000000000002,89.16666666666667,747,604.0260000000003
2023-01-24,0.0,5.958333333333333,0.2777777777777778,3.055555555555556,0.014,88.625,301,604.0120000000003
2023-01-25,1.6,3.5833333333333335,-1.055555555555555,2.2777777777777786,0.006,91.29166666666667,398,605.6060000000003
2023-01-26,5.0,8.083333333333334,2.166666666666666,8.0,0.038,88.5,1363,610.5680000000003
2023-01-27,0.0,8.0,3.3888888888888897,6.611111111111111,0.036000000000000004,82.95833333333333,858,610.5320000000004
2023-01-28,0.0,1.4166666666666667,2.5,5.444444444444443,0.02,83.625,1054,610.5120000000004
2023-01-29,0.0,6.333333333333333,2.944444444444443,7.888888888888891,0.015,87.08333333333333,427,610.4970000000004
2023-01-30,0.0,10.416666666666666,3.3333333333333335,8.333333333333334,0.053000000000000005,84.29166666666667,1595,610.4440000000004
2023-01-31,0.0,7.75,2.2777777777777786,9.944444444444445,0.029,88.95833333333333,912,610.4150000000004
2023-02-01,0.0,14.75,6.500000000000002,9.11111111111111,0.066,80.04166666666667,1231,610.3490000000004
2023-02-02,0.0,12.541666666666666,7.3888888888888875,10.388888888888891,0.052000000000000005,83.95833333333333,1234,610.2970000000004
2023-02-03,0.0,12.041666666666666,8.666666666666668,11.166666666666668,0.059000000000000004,85.41666666666667,1455,610.2380000000004
2023-02-04,0.0,5.291666666666667,7.5,9.61111111111111,0.02,88.58333333333333,571,610.2180000000004
2023-02-05,1.5999999999999999,8.541666666666666,4.222222222222223,8.333333333333334,0.055,84.25,1681,611.7630000000004
2023-02-06,0.0,1.2916666666666667,-0.05555555555555635,7.555555555555556,0.032,89.58333333333333,1851,611.7310000000003
2023-02-07,0.0,1.125,-2.2222222222222223,5.777777777777778,0.033,88.0,2090,611.6980000000003
2023-02-08,0.2,0.9583333333333334,-3.3888888888888897,7.11111111111111,0.039,78.54166666666667,2112,611.8590000000003
2023-02-09,0.0,2.9166666666666665,-2.0555555555555554,6.5555555555555545,0.024,86.33333333333333,1219,611.8350000000003
2023-02-10,0.0,4.083333333333333,-1.2222222222222219,9.555555555555557,0.036000000000000004,90.58333333333333,1714,611.7990000000003
2023-02-11,0.0,4.291666666666667,4.8888888888888875,8.777777777777777,0.014,91.20833333333333,568,611.7850000000003
2023-02-12,0.0,1.8333333333333333,6.166666666666668,8.555555555555555,0.02,84.79166666666667,770,611.7650000000003
2023-02-13,0.0,2.0416666666666665,3.222222222222221,11.333333333333334,0.042,86.04166666666667,2176,611.7230000000003
2023-02-14,0.2,1.1666666666666667,0.6111111111111119,12.11111111111111,0.042,88.95833333333333,2256,611.8810000000003
2023-02-15,0.0,3.0416666666666665,-1.8888888888888882,11.722222222222223,0.042,87.375,1920,611.8390000000003
2023-02-16,0.4,7.625,5.444444444444443,11.500000000000002,0.033,89.29166666666667,865,612.2060000000002
2023-02-17,0.0,14.5,9.38888888888889,11.77777777777778,0.051000000000000004,89.95833333333333,1184,612.1550000000002
2023-02-18,0.0,14.125,9.777777777777779,12.11111111111111,0.052000000000000005,87.79166666666667,1069,612.1030000000002
2023-02-19,0.0,9.791666666666666,5.499999999999999,10.611111111111112,0.051000000000000004,84.16666666666667,1368,612.0520000000001
2023-02-20,0.0,10.583333333333334,4.8888888888888875,9.500000000000002,0.036000000000000004,89.25,841,612.0160000000002
2023-02-21,0.0,4.0,1.9444444444444446,8.38888888888889,0.017,91.20833333333333,733,611.9990000000001
2023-02-22,0.4,3.2083333333333335,2.944444444444443,9.722222222222223,0.019,92.58333333333333,898,612.3800000000001
2023-02-23,0.4,4.166666666666667,4.2777777777777795,8.499999999999998,0.031,90.375,1275,612.7490000000001
2023-02-24,0.4,6.583333333333333,1.5000000000000016,7.611111111111113,0.038,83.08333333333333,1092,613.1110000000001
2023-02-25,0.4,9.458333333333334,0.9444444444444461,7.555555555555556,0.07200000000000001,77.04166666666667,2280,613.4390000000001
2023-02-26,0.2,10.333333333333334,-0.22222222222222143,5.444444444444443,0.091,70.45833333333333,3076,613.5480000000001
2023-02-27,0.0,6.166666666666667,-2.333333333333333,6.222222222222224,0.06799999999999999,75.75,2934,613.4800000000001
2023-02-28,1.0,4.083333333333333,-0.8888888888888897,4.944444444444444,0.042,78.91666666666667,1585,614.4380000000001
2023-03-01,0.0,5.0,-2.6111111111111107,6.277777777777777,0.076,75.33333333333333,3208,614.3620000000001
2023-03-02,0.0,7.5,-0.9444444444444441,6.833333333333332,0.069,81.70833333333333,3109,614.2930000000001
2023-03-03,0.0,6.583333333333333,1.055555555555555,7.166666666666666,0.064,81.20833333333333,2859,614.2290000000002
2023-03-04,0.4,5.958333333333333,4.0555555555555545,7.666666666666665,0.047,83.5,1804,614.5820000000001
2023-03-05,2.0,3.375,2.8333333333333344,5.6111111111111125,0.022,85.79166666666667,790,616.5600000000001
2023-03-06,4.0,7.125,2.2777777777777786,7.055555555555557,0.051000000000000004,82.95833333333333,2069,620.509
2023-03-07,7.4,6.375,1.9444444444444446,6.111111111111112,0.027,89.29166666666667,1015,627.8820000000001
2023-03-08,12.600000000000001,8.291666666666666,0.22222222222222143,2.5,0.018000000000000002,93.125,904,640.464
2023-03-09,12.200000000000001,4.625,2.055555555555557,13.0,0.023,92.45833333333333,1042,652.6410000000001
2023-03-10,4.0,11.958333333333334,2.5,9.27777777777778,0.042,85.83333333333333,1305,656.599
2023-03-11,0.0,2.375,-1.4444444444444453,7.3888888888888875,0.057,76.41666666666667,2699,656.542
2023-03-12,0.6000000000000001,9.833333333333334,4.444444444444445,12.166666666666666,0.064,84.95833333333333,1821,657.078
2023-03-13,1.2,15.958333333333334,9.500000000000002,15.388888888888891,0.134,77.16666666666667,3163,658.144
2023-03-14,5.2,10.625,3.9444444444444455,9.555555555555557,0.047,83.58333333333333,1350,663.297
2023-03-15,0.0,4.083333333333333,1.9444444444444446,8.88888888888889,0.078,75.29166666666667,3473,663.219
2023-03-16,0.4,9.125,6.388888888888889,13.833333333333334,0.097,73.5,2725,663.522
2023-03-17,0.0,4.333333333333333,7.944444444444443,14.722222222222223,0.047,80.08333333333333,1568,663.475
2023-03-18,2.4,5.833333333333333,7.277777777777779,14.555555555555557,0.049,87.25,1715,665.826
2023-03-19,0.7999999999999999,5.75,4.61111111111111,9.333333333333332,0.041,88.70833333333333,1877,666.585
2023-03-20,0.0,7.708333333333333,3.7777777777777763,11.666666666666668,0.042,88.16666666666667,1526,666.543
2023-03-21,1.2,7.291666666666667,7.722222222222221,13.222222222222221,0.054,85.875,1745,667.689
2023-03-22,2.6,11.708333333333334,9.11111111111111,12.444444444444445,0.045,86.08333333333333,933,670.2439999999999
2023-03-23,3.4,12.416666666666666,9.722222222222223,16.11111111111111,0.11,79.875,3110,673.5339999999999
2023-03-24,0.6000000000000001,14.0,9.333333333333332,13.222222222222221,0.107,79.83333333333333,2827,674.0269999999999
2023-03-25,0.4,14.75,7.944444444444443,12.555555555555557,0.09999999999999999,81.41666666666667,2518,674.3269999999999
2023-03-26,9.2,7.416666666666667,6.055555555555555,8.499999999999998,0.045,83.79166666666667,1412,683.4819999999999
2023-03-27,1.0,7.291666666666667,0.9444444444444461,7.166666666666666,0.088,76.625,3813,684.3939999999999
2023-03-28,1.6,6.458333333333333,0.1666666666666651,8.88888888888889,0.05,80.66666666666667,1792,685.9439999999998
2023-03-29,0.0,6.416666666666667,7.333333333333335,15.944444444444446,0.066,82.95833333333333,2149,685.8779999999998
2023-03-30,0.2,12.708333333333334,10.333333333333334,14.166666666666668,0.094,83.08333333333333,2315,685.9839999999998
2023-03-31,10.4,15.416666666666666,9.777777777777779,11.222222222222225,0.049,87.79166666666667,1069,696.3349999999998
2023-04-01,6.2,12.833333333333334,7.666666666666665,9.666666666666666,0.042,90.45833333333333,1311,702.4929999999998
2023-04-02,0.0,9.5,2.666666666666665,7.666666666666665,0.060000000000000005,83.5,2194,702.4329999999999
2023-04-03,0.0,5.625,-0.22222222222222143,10.277777777777779,0.122,74.5,5315,702.3109999999999
2023-04-04,0.0,3.7916666666666665,-1.6111111111111105,10.5,0.111,73.54166666666667,5339,702.1999999999999
2023-04-05,0.0,1.6666666666666667,-0.4999999999999992,11.500000000000002,0.108,74.83333333333333,5205,702.092
2023-04-06,12.0,6.916666666666667,5.88888888888889,10.999999999999998,0.041,88.5,1209,714.0509999999999
2023-04-07,1.6,5.541666666666667,4.944444444444444,9.944444444444445,0.078,83.54166666666667,3252,715.573
2023-04-08,0.0,3.0,3.611111111111111,10.5,0.051000000000000004,85.75,2435,715.5219999999999
2023-04-09,0.0,2.5,0.9999999999999984,15.944444444444446,0.11599999999999999,80.29166666666667,5146,715.406
2023-04-10,3.4000000000000004,9.125,9.222222222222223,12.277777777777779,0.063,80.625,1638,718.7429999999999
2023-04-11,2.8,11.416666666666666,6.888888888888888,13.222222222222221,0.127,77.375,4391,721.4159999999999
2023-04-12,6.4,12.583333333333334,5.944444444444446,11.277777777777777,0.11,79.79166666666667,3607,727.7059999999999
2023-04-13,0.0,12.333333333333334,4.833333333333335,12.388888888888888,0.15,74.45833333333333,5460,727.5559999999999
2023-04-14,0.0,5.25,2.8333333333333344,12.555555555555557,0.085,79.95833333333333,3394,727.4709999999999
2023-04-15,6.6,5.875,6.500000000000002,12.388888888888888,0.106,83.29166666666667,4537,733.9649999999999
2023-04-16,0.0,4.875,3.3333333333333335,11.055555555555555,0.116,83.16666666666667,5616,733.8489999999999
2023-04-17,0.0,6.666666666666667,5.6111111111111125,10.5,0.049,89.375,2017,733.8
2023-04-18,0.0,9.25,7.166666666666666,12.555555555555557,0.11499999999999999,79.625,4290,733.685
2023-04-19,0.0,9.75,5.499999999999999,15.277777777777779,0.161,75.125,5591,733.524
2023-04-20,0.6000000000000001,7.875,3.4999999999999987,9.666666666666666,0.069,77.0,2028,734.055
2023-04-21,14.6,4.875,3.555555555555555,12.777777777777779,0.063,85.0,2575,748.592
2023-04-22,1.0,1.9166666666666667,4.000000000000002,13.277777777777777,0.057,86.375,2658,749.535
2023-04-23,19.4,7.708333333333333,8.055555555555555,13.111111111111112,0.065,86.79166666666667,2341,768.87
2023-04-24,2.6,7.875,7.444444444444444,10.722222222222221,0.113,80.125,4495,771.357
2023-04-25,0.4,5.5,2.8333333333333344,9.27777777777778,0.11699999999999999,75.04166666666667,5165,771.64
2023-04-26,0.0,3.6666666666666665,1.833333333333332,10.5,0.113,77.45833333333333,5242,771.5269999999999
2023-04-27,1.8,5.25,2.333333333333335,13.777777777777777,0.121,71.125,4673,773.2059999999999
2023-04-28,1.6,7.875,8.722222222222225,14.833333333333336,0.069,87.625,2412,774.7369999999999
2023-04-29,0.0,4.875,5.777777777777778,12.166666666666666,0.099,80.70833333333333,4273,774.6379999999998
2023-04-30,0.0,3.1666666666666665,4.222222222222223,16.61111111111111,0.119,79.125,5099,774.5189999999998
2023-05-01,0.0,4.375,8.777777777777777,14.666666666666666,0.13,83.79166666666667,5776,774.3889999999998
2023-05-02,0.0,6.208333333333333,4.555555555555557,12.5,0.14100000000000001,78.58333333333333,6128,774.2479999999998
2023-05-03,0.0,6.375,2.8333333333333344,14.833333333333336,0.157,76.66666666666667,6581,774.0909999999998
2023-05-04,2.4000000000000004,5.791666666666667,6.277777777777777,22.77777777777778,0.161,70.125,5394,776.3299999999998
2023-05-05,4.2,3.4166666666666665,11.444444444444446,17.11111111111111,0.102,85.20833333333333,4093,780.4279999999998
2023-05-06,0.8,2.75,8.833333333333332,18.333333333333336,0.089,86.875,3784,781.1389999999998
2023-05-07,0.4,1.9166666666666667,11.77777777777778,17.72222222222222,0.069,89.08333333333333,3100,781.4699999999998
2023-05-08,0.0,3.875,11.38888888888889,16.27777777777778,0.075,86.45833333333333,3139,781.3949999999998
2023-05-09,10.0,5.875,11.944444444444445,15.555555555555557,0.058,88.70833333333333,2022,791.3369999999998
2023-05-10,0.0,6.0,11.166666666666668,16.11111111111111,0.123,85.0,5032,791.2139999999997
2023-05-11,0.0,3.625,10.055555555555557,16.166666666666668,0.116,86.08333333333333,5282,791.0979999999997
2023-05-12,4.8,8.625,10.666666666666668,14.000000000000002,0.046,90.45833333333333,1455,795.8519999999997
2023-05-13,0.0,10.125,9.944444444444445,12.666666666666666,0.132,87.5,5213,795.7199999999998
2023-05-14,0.0,4.583333333333333,8.499999999999998,12.777777777777779,0.109,87.20833333333333,5192,795.6109999999998
2023-05-15,3.8000000000000003,7.916666666666667,8.944444444444446,11.444444444444446,0.048,86.58333333333333,1584,799.3629999999997
2023-05-16,0.0,5.291666666666667,7.277777777777779,14.166666666666668,0.154,74.45833333333333,6753,799.2089999999997
2023-05-17,0.0,4.333333333333333,6.111111111111112,14.333333333333332,0.15,77.04166666666667,6276,799.0589999999997
2023-05-18,0.0,5.708333333333333,5.833333333333334,13.16666666666667,0.154,76.75,6553,798.9049999999997
2023-05-19,0.0,6.375,6.333333333333333,15.66666666666667,0.177,77.25,7150,798.7279999999997
2023-05-20,0.0,9.291666666666666,10.5,17.166666666666668,0.189,79.08333333333333,7031,798.5389999999998
2023-05-21,0.0,7.541666666666667,11.61111111111111,16.333333333333332,0.143,84.08333333333333,5650,798.3959999999997
2023-05-22,0.0,7.416666666666667,11.666666666666668,13.666666666666668,0.064,87.70833333333333,2359,798.3319999999998
2023-05-23,0.0,8.166666666666666,8.166666666666668,14.055555555555555,0.139,78.125,5177,798.1929999999998
2023-05-24,0.0,3.5416666666666665,5.333333333333334,16.222222222222225,0.142,77.45833333333333,5919,798.0509999999997
2023-05-25,0.0,8.208333333333334,8.499999999999998,15.555555555555557,0.159,79.75,6280,797.8919999999997
2023-05-26,0.0,11.166666666666666,8.61111111111111,15.611111111111112,0.197,75.58333333333333,7273,797.6949999999997
2023-05-27,0.0,7.416666666666667,8.444444444444446,16.055555555555557,0.183,78.66666666666667,7278,797.5119999999997
2023-05-28,0.0,9.958333333333334,12.000000000000002,17.555555555555557,0.183,82.08333333333333,7059,797.3289999999997
2023-05-29,0.0,14.75,11.38888888888889,14.61111111111111,0.201,76.375,6944,797.1279999999997
2023-05-30,0.0,12.125,9.444444444444445,14.833333333333336,0.17,77.875,6046,796.9579999999997
2023-05-31,0.0,12.125,11.444444444444446,16.88888888888889,0.191,83.16666666666667,7355,796.7669999999997
2023-06-01,0.0,12.25,11.500000000000002,14.333333333333332,0.163,80.125,6232,796.6039999999997
2023-06-02,0.0,10.916666666666666,10.833333333333334,13.833333333333334,0.115,76.45833333333333,3433,796.4889999999997
2023-06-03,0.0,9.083333333333334,11.555555555555555,19.111111111111114,0.211,74.58333333333333,7437,796.2779999999997
2023-06-04,0.0,8.791666666666666,10.333333333333334,17.444444444444443,0.199,75.5,7359,796.0789999999997
2023-06-05,0.0,10.708333333333334,11.833333333333332,15.388888888888891,0.183,80.375,7176,795.8959999999997
2023-06-06,0.0,10.958333333333334,12.11111111111111,15.888888888888891,0.162,81.83333333333333,6192,795.7339999999997
2023-06-07,0.0,10.708333333333334,12.222222222222223,16.722222222222225,0.178,82.875,6912,795.5559999999997
2023-06-08,0.0,9.875,12.777777777777779,18.333333333333336,0.186,81.95833333333333,7001,795.3699999999997
2023-06-09,0.0,7.375,14.444444444444445,24.66666666666667,0.22,73.875,7223,795.1499999999996
2023-06-10,0.0,4.958333333333333,15.111111111111112,30.666666666666668,0.239,60.958333333333336,7128,794.9109999999996
2023-06-11,11.0,4.291666666666667,15.444444444444443,30.166666666666668,0.224,65.66666666666667,6827,805.6869999999996
2023-06-12,0.0,4.708333333333333,16.666666666666668,25.0,0.20199999999999999,75.70833333333333,7244,805.4849999999996
2023-06-13,0.0,6.541666666666667,16.0,27.11111111111111,0.243,65.54166666666667,7302,805.2419999999995
2023-06-14,0.0,5.666666666666667,12.888888888888891,25.055555555555554,0.23299999999999998,67.29166666666667,7504,805.0089999999996
2023-06-15,0.0,5.25,12.222222222222223,25.61111111111111,0.237,64.16666666666667,7509,804.7719999999996
2023-06-16,0.0,3.7083333333333335,14.166666666666668,22.055555555555557,0.2,73.75,7412,804.5719999999995
2023-06-17,0.0,2.6666666666666665,12.166666666666666,27.11111111111111,0.152,65.45833333333333,4911,804.4199999999995
2023-06-18,5.2,3.8333333333333335,17.333333333333336,26.0,0.115,77.16666666666667,3721,809.5049999999995
2023-06-19,0.0,5.708333333333333,15.388888888888891,22.611111111111114,0.177,78.91666666666667,6820,809.3279999999995
2023-06-20,13.200000000000001,3.1666666666666665,17.166666666666668,25.72222222222222,0.105,83.70833333333333,3646,822.4229999999995
2023-06-21,0.0,4.291666666666667,15.222222222222221,23.22222222222222,0.187,80.41666666666667,7317,822.2359999999995
2023-06-22,0.0,3.1666666666666665,13.111111111111112,21.222222222222225,0.098,84.58333333333333,3839,822.1379999999996
2023-06-23,0.0,3.0416666666666665,12.777777777777779,25.72222222222222,0.179,74.375,6524,821.9589999999996
2023-06-24,0.0,3.2083333333333335,12.277777777777779,23.333333333333336,0.185,79.04166666666667,7140,821.7739999999997
2023-06-25,0.0,4.041666666666667,13.88888888888889,30.888888888888886,0.233,65.91666666666667,7403,821.5409999999997
2023-06-26,0.0,7.541666666666667,14.722222222222223,21.05555555555556,0.199,72.08333333333333,6893,821.3419999999998
2023-06-27,0.0,4.916666666666667,13.611111111111112,21.222222222222225,0.17,73.58333333333333,5878,821.1719999999998
2023-06-28,0.0,4.333333333333333,16.722222222222225,22.38888888888889,0.095,79.58333333333333,2921,821.0769999999998
2023-06-29,0.0,4.791666666666667,11.61111111111111,20.111111111111114,0.066,83.0,2073,821.0109999999997
2023-06-30,1.2,6.75,10.333333333333334,21.72222222222222,0.168,73.25,5431,822.0429999999998
2023-07-01,4.8,8.25,15.722222222222221,19.66666666666667,0.091,84.75,2785,826.7519999999997
2023-07-02,0.0,7.458333333333333,14.27777777777778,20.72222222222222,0.20400000000000001,66.83333333333333,6556,826.5479999999998
2023-07-03,0.0,10.75,12.055555555555557,19.66666666666667,0.205,69.95833333333333,5848,826.3429999999997
2023-07-04,17.2,5.75,13.16666666666667,20.27777777777778,0.123,75.29166666666667,3940,843.4199999999997
2023-07-05,2.2,11.75,12.888888888888891,20.333333333333332,0.19,76.16666666666667,6303,845.4299999999997
2023-07-06,0.0,4.0,10.777777777777777,20.500000000000004,0.158,76.79166666666667,5938,845.2719999999997
2023-07-07,0.0,3.5833333333333335,11.88888888888889,29.000000000000004,0.233,60.0,7350,845.0389999999998
2023-07-08,0.0,2.7083333333333335,15.388888888888891,29.277777777777782,0.171,66.16666666666667,5698,844.8679999999997
2023-07-09,0.2,2.5,14.833333333333336,22.833333333333332,0.083,80.875,2940,844.9849999999997
2023-07-10,0.0,3.0416666666666665,13.777777777777777,24.000000000000004,0.177,73.41666666666667,6367,844.8079999999997
2023-07-11,0.4,6.791666666666667,15.277777777777779,25.222222222222225,0.177,73.75,5099,845.0309999999996
2023-07-12,1.0,9.5,14.61111111111111,21.72222222222222,0.197,74.83333333333333,6140,845.8339999999996
2023-07-13,0.0,7.458333333333333,13.944444444444446,21.888888888888893,0.158,76.58333333333333,5047,845.6759999999996
2023-07-14,0.0,4.625,12.611111111111112,25.72222222222222,0.146,68.25,4014,845.5299999999996
2023-07-15,2.4000000000000004,8.916666666666666,15.888888888888891,23.61111111111111,0.163,72.54166666666667,4356,847.7669999999996
2023-07-16,1.0,10.333333333333334,14.833333333333336,21.555555555555554,0.193,70.875,5516,848.5739999999996
2023-07-17,0.8,7.958333333333333,12.333333333333336,21.444444444444443,0.177,72.70833333333333,5494,849.1969999999997
2023-07-18,0.0,3.0416666666666665,10.666666666666668,22.055555555555557,0.166,76.45833333333333,6449,849.0309999999996
2023-07-19,0.0,6.083333333333333,13.88888888888889,21.05555555555556,0.134,76.20833333333333,4167,848.8969999999996
2023-07-20,0.0,1.375,12.055555555555557,20.222222222222225,0.091,78.375,3293,848.8059999999996
2023-07-21,1.0,5.875,11.555555555555555,19.833333333333336,0.172,75.91666666666667,6196,849.6339999999996
2023-07-22,2.6,6.083333333333333,12.555555555555557,20.444444444444443,0.109,80.58333333333333,3426,852.1249999999995
2023-07-23,2.4000000000000004,10.125,15.166666666666666,22.77777777777778,0.15,79.70833333333333,3974,854.3749999999995
2023-07-24,0.4,6.958333333333333,15.222222222222221,20.0,0.14,79.91666666666667,4491,854.6349999999995
2023-07-25,0.4,5.208333333333333,14.000000000000002,19.000000000000004,0.162,68.83333333333333,5667,854.8729999999996
2023-07-26,3.4000000000000004,5.333333333333333,11.77777777777778,20.666666666666668,0.184,70.70833333333333,6322,858.0889999999996
2023-07-27,13.6,10.708333333333334,14.61111111111111,18.55555555555556,0.063,90.0,1659,871.6259999999996
2023-07-28,0.0,6.791666666666667,15.777777777777779,22.11111111111111,0.099,83.16666666666667,2787,871.5269999999996
2023-07-29,1.4,8.416666666666666,14.500000000000002,22.277777777777775,0.154,78.33333333333333,4376,872.7729999999996
2023-07-30,11.6,10.708333333333334,14.444444444444445,21.05555555555556,0.125,82.33333333333333,3459,884.2479999999996
2023-07-31,10.6,9.208333333333334,15.166666666666666,18.388888888888886,0.045,89.95833333333333,1121,894.8029999999995
2023-08-01,0.0,10.291666666666666,14.888888888888888,20.222222222222225,0.157,79.625,4775,894.6459999999995
2023-08-02,16.6,11.708333333333334,15.611111111111112,20.388888888888893,0.134,85.0,3833,911.1119999999995
2023-08-03,7.6000000000000005,9.208333333333334,14.38888888888889,18.5,0.123,81.79166666666667,4212,918.5889999999995
2023-08-04,0.0,4.833333333333333,13.611111111111112,19.000000000000004,0.139,81.625,5142,918.4499999999995
2023-08-05,15.4,6.041666666666667,13.222222222222221,15.888888888888891,0.044,89.25,1543,933.8059999999995
2023-08-06,3.8,15.458333333333334,14.11111111111111,17.555555555555557,0.138,75.79166666666667,3244,937.4679999999995
2023-08-07,0.0,9.208333333333334,13.222222222222221,19.66666666666667,0.183,73.33333333333333,6376,937.2849999999995
2023-08-08,2.6,7.875,12.277777777777779,18.444444444444446,0.095,84.70833333333333,2817,939.7899999999995
2023-08-09,1.0,5.25,13.666666666666668,21.0,0.167,75.375,6329,940.6229999999995
2023-08-10,0.0,2.3333333333333335,11.61111111111111,26.0,0.178,66.58333333333333,6238,940.4449999999995
2023-08-11,0.0,3.4166666666666665,15.333333333333334,23.5,0.10200000000000001,79.79166666666667,3201,940.3429999999995
2023-08-12,7.6000000000000005,7.291666666666667,15.833333333333334,22.333333333333336,0.158,80.125,5309,947.7849999999995
2023-08-13,0.0,5.5,14.222222222222223,21.166666666666664,0.108,80.79166666666667,3367,947.6769999999996
2023-08-14,0.0,4.208333333333333,13.16666666666667,25.833333333333336,0.153,76.45833333333333,5029,947.5239999999995
2023-08-15,2.0,4.791666666666667,13.722222222222225,21.38888888888889,0.155,80.0,5450,949.3689999999996
2023-08-16,0.0,3.125,10.722222222222221,21.77777777777778,0.15,82.54166666666667,5637,949.2189999999996
2023-08-17,0.0,6.25,14.833333333333336,21.500000000000004,0.132,81.54166666666667,4656,949.0869999999996
2023-08-18,0.0,4.166666666666667,15.444444444444443,24.777777777777775,0.098,85.16666666666667,3422,948.9889999999997
2023-08-19,0.0,6.75,16.27777777777778,24.22222222222222,0.155,78.83333333333333,4719,948.8339999999997
2023-08-20,0.0,2.9583333333333335,14.555555555555557,23.277777777777782,0.157,77.20833333333333,5628,948.6769999999997
2023-08-21,0.0,3.0833333333333335,12.944444444444443,21.05555555555556,0.141,83.66666666666667,5605,948.5359999999997
2023-08-22,0.0,3.875,13.16666666666667,22.277777777777775,0.123,82.0,4443,948.4129999999997
2023-08-23,0.0,3.4166666666666665,12.611111111111112,23.666666666666664,0.151,79.79166666666667,5631,948.2619999999997
2023-08-24,10.2,4.125,15.833333333333334,23.88888888888889,0.072,85.75,2319,958.3899999999998
2023-08-25,0.0,4.708333333333333,13.444444444444446,19.66666666666667,0.092,86.33333333333333,3365,958.2979999999998
2023-08-26,4.0,6.583333333333333,12.11111111111111,19.333333333333332,0.118,83.08333333333333,3939,962.1799999999997
2023-08-27,0.2,7.291666666666667,12.333333333333336,19.166666666666668,0.133,82.33333333333333,4736,962.2469999999997
2023-08-28,0.0,3.625,14.055555555555555,18.55555555555556,0.11599999999999999,77.375,4151,962.1309999999997
2023-08-29,0.0,4.25,11.166666666666668,18.833333333333336,0.121,77.0,4258,962.0099999999998
2023-08-30,22.2,7.708333333333333,12.222222222222223,18.277777777777782,0.14,80.04166666666667,4827,984.0699999999997
2023-08-31,3.8,4.25,11.055555555555555,18.444444444444446,0.066,85.83333333333333,2423,987.8039999999997
2023-09-01,17.4,3.0833333333333335,14.555555555555557,21.27777777777778,0.049,89.75,1852,1005.1549999999997
2023-09-02,0.0,2.7083333333333335,13.666666666666668,22.11111111111111,0.091,88.16666666666667,3508,1005.0639999999997
2023-09-03,0.0,2.5416666666666665,14.11111111111111,24.055555555555554,0.119,84.75,4648,1004.9449999999997
2023-09-04,0.0,3.5416666666666665,13.333333333333334,25.833333333333336,0.138,76.95833333333333,4678,1004.8069999999997
2023-09-05,0.0,2.375,13.88888888888889,28.61111111111111,0.149,75.95833333333333,5070,1004.6579999999997
2023-09-06,0.0,1.5416666666666667,17.22222222222222,28.83333333333334,0.137,79.70833333333333,4786,1004.5209999999997
2023-09-07,0.0,2.1666666666666665,14.444444444444445,29.166666666666668,0.149,75.66666666666667,4967,1004.3719999999997
2023-09-08,0.0,1.6666666666666667,15.944444444444446,25.666666666666668,0.123,82.33333333333333,4590,1004.2489999999997
2023-09-09,0.0,1.0,15.055555555555557,31.611111111111114,0.132,77.04166666666667,4565,1004.1169999999997
2023-09-10,0.0,1.6666666666666667,18.666666666666664,31.944444444444446,0.139,70.66666666666667,4325,1003.9779999999997
2023-09-11,0.0,3.4166666666666665,16.333333333333332,21.444444444444443,0.092,85.41666666666667,3283,1003.8859999999997
2023-09-12,0.0,3.375,14.722222222222223,21.11111111111111,0.075,89.29166666666667,2690,1003.8109999999997
2023-09-13,0.0,6.083333333333333,11.944444444444445,19.88888888888889,0.104,80.33333333333333,3023,1003.7069999999997
2023-09-14,0.0,1.375,10.555555555555555,23.388888888888886,0.104,78.875,4064,1003.6029999999996
2023-09-15,0.0,3.0,11.055555555555555,24.777777777777775,0.131,74.875,4451,1003.4719999999996
2023-09-16,0.4,5.0,11.555555555555555,25.166666666666668,0.124,77.79166666666667,3611,1003.7479999999996
2023-09-17,0.2,3.625,17.444444444444443,22.611111111111114,0.059000000000000004,87.5,1957,1003.8889999999996
2023-09-18,2.6,10.166666666666666,15.66666666666667,21.944444444444446,0.128,78.95833333333333,3044,1006.3609999999995
2023-09-19,0.4,10.791666666666666,12.944444444444443,19.61111111111111,0.084,81.83333333333333,1803,1006.6769999999996
2023-09-20,0.2,11.291666666666666,16.444444444444446,22.77777777777778,0.12,74.375,2378,1006.7569999999996
2023-09-21,26.2,3.2916666666666665,10.999999999999998,18.444444444444446,0.019,90.375,597,1032.9379999999996
2023-09-22,19.8,5.625,10.166666666666666,14.722222222222223,0.051000000000000004,89.20833333333333,1848,1052.6869999999997
2023-09-23,0.2,6.333333333333333,9.055555555555554,16.77777777777778,0.101,82.75,3433,1052.7859999999996
2023-09-24,0.0,5.833333333333333,8.666666666666668,19.499999999999996,0.116,75.91666666666667,3795,1052.6699999999996
2023-09-25,0.0,2.7083333333333335,11.77777777777778,21.27777777777778,0.068,81.625,2317,1052.6019999999996
2023-09-26,0.0,2.75,11.555555555555555,22.944444444444443,0.08499999999999999,82.79166666666667,2958,1052.5169999999996
2023-09-27,0.0,3.7916666666666665,13.111111111111112,22.38888888888889,0.073,83.54166666666667,2325,1052.4439999999995
2023-09-28,0.0,5.458333333333333,14.38888888888889,19.055555555555554,0.078,79.83333333333333,2173,1052.3659999999995
2023-09-29,0.8,6.5,11.722222222222223,18.388888888888886,0.068,82.375,1713,1053.0979999999995
2023-09-30,0.0,2.9583333333333335,10.055555555555557,19.61111111111111,0.08499999999999999,80.58333333333333,3276,1053.0129999999995
2023-10-01,0.0,3.625,12.000000000000002,24.055555555555554,0.102,81.25,3554,1052.9109999999994
2023-10-02,0.0,2.5,13.444444444444446,25.500000000000004,0.084,81.79166666666667,3005,1052.8269999999993
2023-10-03,0.4,10.958333333333334,13.666666666666668,20.333333333333332,0.103,76.83333333333333,2426,1053.1239999999993
2023-10-04,0.0,6.625,10.166666666666666,17.444444444444443,0.074,80.04166666666667,2044,1053.0499999999993
2023-10-05,0.0,4.791666666666667,12.11111111111111,18.444444444444446,0.072,80.95833333333333,2116,1052.9779999999994
2023-10-06,0.0,6.458333333333333,11.833333333333332,20.333333333333332,0.09,81.41666666666667,2532,1052.8879999999995
2023-10-07,0.0,7.375,14.500000000000002,22.888888888888893,0.118,76.04166666666667,3008,1052.7699999999995
2023-10-08,0.0,2.5,12.388888888888888,23.055555555555557,0.082,80.45833333333333,2765,1052.6879999999994
2023-10-09,0.0,3.25,12.000000000000002,19.388888888888893,0.057,84.16666666666667,1854,1052.6309999999994
2023-10-10,0.0,5.833333333333333,11.500000000000002,25.222222222222225,0.09999999999999999,78.625,2716,1052.5309999999995
2023-10-11,0.0,6.75,13.777777777777777,21.222222222222225,0.06,83.58333333333333,1442,1052.4709999999995
2023-10-12,7.6000000000000005,6.958333333333333,15.444444444444443,19.444444444444446,0.039,89.75,794,1060.0319999999995
2023-10-13,22.2,10.458333333333334,13.222222222222221,21.888888888888893,0.061,84.625,906,1082.1709999999994
2023-10-14,1.0,10.0,10.222222222222221,13.222222222222221,0.092,68.91666666666667,1653,1083.0789999999993
2023-10-15,1.2,8.916666666666666,6.333333333333333,11.500000000000002,0.098,71.5,2626,1084.1809999999994
2023-10-16,0.0,3.2083333333333335,3.4999999999999987,13.277777777777777,0.056999999999999995,80.83333333333333,2176,1084.1239999999993
2023-10-17,0.0,10.0,7.944444444444443,13.88888888888889,0.096,74.375,2704,1084.0279999999993
2023-10-18,9.6,9.708333333333334,7.666666666666665,17.055555555555557,0.062,81.5,1577,1093.5659999999993
2023-10-19,0.2,7.25,14.555555555555557,19.055555555555554,0.055,85.95833333333333,1422,1093.7109999999993
2023-10-20,23.4,6.166666666666667,12.444444444444445,15.388888888888891,0.023,91.5,477,1117.0879999999993
2023-10-21,10.2,11.416666666666666,11.944444444444445,13.444444444444446,0.044,87.875,838,1127.2439999999992
2023-10-22,0.8,5.125,8.61111111111111,15.222222222222221,0.053,85.75,1616,1127.9909999999993
2023-10-23,7.4,4.291666666666667,5.833333333333334,13.222222222222221,0.031,90.70833333333333,1099,1135.3599999999992
2023-10-24,3.4,6.708333333333333,8.944444444444446,14.833333333333336,0.04,88.25,1279,1138.7199999999991
2023-10-25,0.4,4.166666666666667,9.500000000000002,13.88888888888889,0.034,87.66666666666667,1338,1139.085999999999
2023-10-26,2.4,4.625,9.055555555555554,14.888888888888888,0.027,90.91666666666667,1111,1141.4589999999992
2023-10-27,1.0,5.083333333333333,9.333333333333332,14.38888888888889,0.034,89.125,1098,1142.424999999999
2023-10-28,3.4000000000000004,10.458333333333334,9.666666666666666,14.555555555555557,0.063,86.29166666666667,1755,1145.761999999999
2023-10-29,8.8,10.91304347826087,9.38888888888889,14.666666666666666,0.057,84.65217391304348,1278,1154.504999999999
2023-10-30,0.6000000000000001,5.416666666666667,8.88888888888889,12.222222222222223,0.024,89.875,627,1155.080999999999
2023-10-31,4.6,6.458333333333333,8.499999999999998,14.11111111111111,0.035,90.75,1176,1159.645999999999
2023-11-01,2.8,10.333333333333334,8.88888888888889,13.833333333333334,0.046,86.95833333333333,1062,1162.399999999999
2023-11-02,25.4,19.958333333333332,8.666666666666668,12.055555555555557,0.053,85.66666666666667,375,1187.746999999999
2023-11-03,6.2,12.833333333333334,8.111111111111112,11.722222222222223,0.059000000000000004,83.29166666666667,1317,1193.887999999999
2023-11-04,11.0,9.75,7.555555555555556,10.944444444444446,0.026000000000000002,89.29166666666667,426,1204.861999999999
2023-11-05,4.8,11.666666666666666,9.222222222222223,12.666666666666666,0.057,84.33333333333333,942,1209.6049999999989
2023-11-06,9.6,9.833333333333334,8.499999999999998,11.666666666666668,0.043000000000000003,88.0,1138,1219.161999999999
2023-11-07,6.3999999999999995,8.958333333333334,7.055555555555557,11.444444444444446,0.052000000000000005,87.33333333333333,1689,1225.5099999999989
2023-11-08,11.8,11.416666666666666,7.722222222222221,11.333333333333334,0.033,89.54166666666667,484,1237.276999999999
2023-11-09,14.0,8.833333333333334,6.7777777777777795,10.444444444444443,0.024,88.66666666666667,552,1251.252999999999
2023-11-10,14.8,10.666666666666666,6.611111111111111,9.944444444444445,0.039,86.5,684,1266.013999999999
2023-11-11,0.0,8.5,4.61111111111111,10.555555555555555,0.058,80.45833333333333,1387,1265.955999999999
2023-11-12,2.1999999999999997,3.375,3.3333333333333335,8.499999999999998,0.014,91.04166666666667,651,1268.141999999999
2023-11-13,12.6,12.625,8.111111111111112,15.611111111111112,0.047,85.16666666666667,581,1280.694999999999
2023-11-14,29.6,12.916666666666666,10.055555555555557,13.444444444444446,0.042,84.04166666666667,212,1310.252999999999
2023-11-15,0.0,11.333333333333334,9.555555555555557,12.277777777777779,0.064,78.91666666666667,1280,1310.188999999999
2023-11-16,3.6,2.8333333333333335,5.0,8.38888888888889,0.011,89.0,420,1313.7779999999989
2023-11-17,7.2,4.875,5.6111111111111125,10.444444444444443,0.026000000000000002,88.20833333333333,958,1320.9519999999989
2023-11-18,8.6,9.0,6.7777777777777795,14.11111111111111,0.023,90.45833333333333,142,1329.5289999999989
2023-11-19,3.2,13.375,11.555555555555555,14.055555555555555,0.057,83.70833333333333,853,1332.671999999999
2023-11-20,11.8,6.916666666666667,8.499999999999998,12.444444444444445,0.027,87.625,406,1344.4449999999988
2023-11-21,12.6,5.791666666666667,6.388888888888889,12.388888888888888,0.028,88.125,721,1357.0169999999987
2023-11-22,0.0,4.208333333333333,5.166666666666665,10.555555555555555,0.028,86.20833333333333,942,1356.9889999999987
2023-11-23,0.0,10.25,8.555555555555555,12.722222222222221,0.041,86.875,841,1356.9479999999987
2023-11-24,1.4000000000000001,18.25,6.5555555555555545,11.944444444444445,0.081,72.83333333333333,716,1358.2669999999987
2023-11-25,7.4,13.708333333333334,6.833333333333332,8.222222222222221,0.053,79.79166666666667,566,1365.6139999999987
2023-11-26,3.0,6.583333333333333,5.222222222222221,7.833333333333335,0.031,84.70833333333333,676,1368.5829999999987
2023-11-27,18.0,10.708333333333334,5.0,9.944444444444445,0.025,89.375,230,1386.5579999999986
2023-11-28,0.8,6.708333333333333,2.333333333333335,6.055555555555555,0.032,79.5,625,1387.3259999999987
2023-11-29,0.2,6.916666666666667,2.2777777777777786,6.666666666666667,0.044,76.875,1010,1387.4819999999986
2023-11-30,0.0,1.5833333333333333,-2.3888888888888893,2.8333333333333344,0.011,92.0,797,1387.4709999999986
2023-12-01,0.0,3.7083333333333335,-2.7777777777777777,0.3888888888888905,0.007,91.125,328,1387.4639999999986
2023-12-02,3.4000000000000004,3.375,-3.555555555555555,1.833333333333332,0.012,91.625,635,1390.8519999999985
2023-12-03,2.6,8.791666666666666,-0.8888888888888897,2.2222222222222223,0.016,87.125,251,1393.4359999999986
2023-12-04,6.8,9.583333333333334,1.833333333333332,4.777777777777779,0.019,85.54166666666667,280,1400.2169999999985
2023-12-05,1.0,4.041666666666667,4.222222222222223,7.055555555555557,0.008,89.95833333333333,118,1401.2089999999985
2023-12-06,0.8,3.7083333333333335,0.44444444444444287,8.055555555555555,0.027,82.16666666666667,886,1401.9819999999984
2023-12-07,2.4000000000000004,8.625,0.0,5.6111111111111125,0.02,87.375,517,1404.3619999999985
2023-12-08,0.4,7.0,3.8888888888888893,11.055555555555555,0.03,90.83333333333333,817,1404.7319999999984
2023-12-09,8.200000000000001,13.375,6.277777777777777,12.388888888888888,0.036000000000000004,86.54166666666667,176,1412.8959999999984
2023-12-10,4.2,14.875,8.88888888888889,12.277777777777779,0.051000000000000004,81.375,387,1417.0449999999983
2023-12-11,0.0,12.916666666666666,5.999999999999999,11.88888888888889,0.058,80.54166666666667,656,1416.9869999999983
2023-12-12,8.0,6.541666666666667,7.000000000000001,12.11111111111111,0.023,90.83333333333333,630,1424.9639999999984
2023-12-13,18.8,7.791666666666667,8.0,9.333333333333332,0.018000000000000002,90.41666666666667,284,1443.7459999999983
2023-12-14,0.4,5.583333333333333,6.722222222222223,8.555555555555555,0.022,85.54166666666667,365,1444.1239999999982
2023-12-15,0.0,4.041666666666667,7.555555555555556,10.611111111111112,0.029,76.70833333333333,493,1444.0949999999982
2023-12-16,0.0,6.958333333333333,6.055555555555555,10.777777777777777,0.023,88.08333333333333,151,1444.0719999999983
2023-12-17,0.0,8.0,4.777777777777779,10.0,0.041,85.29166666666667,948,1444.0309999999984
2023-12-18,0.0,8.583333333333334,6.4444444444444455,8.944444444444446,0.025,88.375,240,1444.0059999999983
2023-12-19,17.0,11.125,8.0,10.055555555555557,0.025,88.41666666666667,103,1460.9809999999982
2023-12-20,0.2,14.291666666666666,7.666666666666665,10.444444444444443,0.051000000000000004,82.16666666666667,543,1461.129999999998
2023-12-21,0.4,18.083333333333332,9.444444444444445,12.444444444444445,0.059000000000000004,81.33333333333333,217,1461.470999999998
2023-12-22,0.6000000000000001,19.125,9.61111111111111,11.444444444444446,0.069,79.66666666666667,352,1462.001999999998
2023-12-23,0.0,16.041666666666668,9.944444444444445,11.666666666666668,0.065,80.125,813,1461.9369999999979
2023-12-24,3.8,20.375,10.777777777777777,12.833333333333334,0.042,88.41666666666667,199,1465.694999999998
2023-12-25,5.6,14.541666666666666,10.722222222222221,12.722222222222221,0.025,91.04166666666667,114,1471.269999999998
2023-12-26,2.2,8.625,4.666666666666666,11.666666666666668,0.037,83.79166666666667,704,1473.432999999998
2023-12-27,1.2000000000000002,9.583333333333334,5.222222222222221,10.722222222222221,0.029,87.33333333333333,452,1474.603999999998
2023-12-28,0.0,14.75,10.5,11.944444444444445,0.068,78.20833333333333,638,1474.535999999998
2023-12-29,2.6,12.833333333333334,9.166666666666668,11.61111111111111,0.046,83.16666666666667,411,1477.089999999998
2023-12-30,0.0,9.708333333333334,5.88888888888889,10.555555555555555,0.037,85.0,655,1477.052999999998
2023-12-31,10.8,15.416666666666666,7.277777777777779,9.888888888888888,0.047,82.95833333333333,406,1487.805999999998
2024-01-01,4.0,12.5,6.833333333333332,9.944444444444445,0.05,80.5,679,1491.755999999998
2024-01-02,21.8,17.041666666666668,8.499999999999998,13.277777777777777,0.046,86.16666666666667,156,1513.509999999998
2024-01-03,16.8,14.416666666666666,9.055555555555554,11.333333333333334,0.044,84.75,439,1530.265999999998
2024-01-04,1.7999999999999998,10.0,8.777777777777777,10.277777777777779,0.041,84.65217391304348,930,1532.024999999998
2024-01-05,18.2,16.166666666666668,6.388888888888889,9.944444444444445,0.03,87.70833333333333,187,1550.1949999999981
2024-01-06,5.8,9.333333333333334,4.8888888888888875,6.944444444444445,0.03,82.91666666666667,440,1555.964999999998
2024-01-07,0.8,10.416666666666666,-0.6666666666666663,4.500000000000001,0.029,82.20833333333333,270,1556.735999999998
2024-01-08,0.0,10.958333333333334,-2.9999999999999996,-0.16666666666666707,0.035,75.70833333333333,366,1556.700999999998
2024-01-09,0.0,11.5,-4.444444444444445,-0.22222222222222143,0.048,72.04166666666667,1173,1556.652999999998
2024-01-10,0.0,5.25,-5.944444444444445,-0.8333333333333334,0.029,76.58333333333333,1061,1556.623999999998
2024-01-11,0.0,2.6666666666666665,-5.055555555555556,3.722222222222224,0.021,82.66666666666667,1086,1556.602999999998
2024-01-12,0.0,2.8333333333333335,2.7777777777777777,5.6111111111111125,0.014,85.04166666666667,303,1556.5889999999981
2024-01-13,0.2,5.25,1.3333333333333326,3.611111111111111,0.008,89.0,226,1556.7809999999981
2024-01-14,0.2,7.416666666666667,0.777777777777777,5.166666666666665,0.019,85.375,246,1556.9619999999982
2024-01-15,0.4,12.041666666666666,1.9444444444444446,4.388888888888888,0.052000000000000005,74.16666666666667,882,1557.3099999999981
2024-01-16,0.0,5.083333333333333,-1.722222222222223,3.611111111111111,0.036000000000000004,77.66666666666667,1184,1557.273999999998
2024-01-17,0.0,2.25,-2.1111111111111116,0.44444444444444287,0.005,84.41666666666667,318,1557.268999999998
2024-01-18,1.4000000000000001,5.208333333333333,0.7222222222222207,3.9444444444444455,0.029,83.41666666666667,1065,1558.639999999998
2024-01-19,1.0,6.208333333333333,-1.6666666666666667,4.8888888888888875,0.038,79.54166666666667,1357,1559.601999999998
2024-01-20,0.0,8.458333333333334,-4.111111111111111,-1.0000000000000004,0.022,86.875,1011,1559.579999999998
2024-01-21,0.0,13.708333333333334,-0.4999999999999992,9.222222222222223,0.033,83.91666666666667,500,1559.5469999999982
2024-01-22,0.6000000000000001,18.375,8.055555555555555,12.888888888888891,0.074,80.16666666666667,1044,1560.0729999999983
2024-01-23,3.0,14.25,4.8888888888888875,13.333333333333334,0.039,85.58333333333333,458,1563.0339999999983
2024-01-24,0.0,17.291666666666668,8.944444444444446,13.16666666666667,0.07300000000000001,80.41666666666667,1007,1562.9609999999982
2024-01-25,1.4,5.666666666666667,4.000000000000002,11.166666666666668,0.018000000000000002,91.125,440,1564.3429999999983
2024-01-26,2.2,10.75,2.055555555555557,12.055555555555557,0.062,80.91666666666667,1510,1566.4809999999982
2024-01-27,0.0,3.25,0.05555555555555635,7.000000000000001,0.023,87.625,1260,1566.4579999999983
2024-01-28,0.0,5.75,0.1111111111111127,8.055555555555555,0.035,84.04166666666667,1312,1566.4229999999982
2024-01-29,0.0,5.0,3.055555555555556,10.166666666666666,0.032,87.79166666666667,1322,1566.3909999999983
2024-01-30,0.6000000000000001,7.625,6.388888888888889,10.166666666666666,0.026000000000000002,87.25,320,1566.9649999999983
2024-01-31,0.0,6.583333333333333,5.833333333333334,10.722222222222221,0.04,85.625,1312,1566.9249999999984
2024-02-01,0.8,7.0,4.166666666666667,10.555555555555555,0.044,84.875,1625,1567.6809999999984
2024-02-02,0.0,11.0,3.3888888888888897,11.11111111111111,0.038,89.25,1122,1567.6429999999984
2024-02-03,0.2,10.958333333333334,9.38888888888889,11.88888888888889,0.038,88.45833333333333,687,1567.8049999999985
2024-02-04,0.0,13.791666666666666,10.0,12.055555555555557,0.043000000000000003,87.125,916,1567.7619999999986
2024-02-05,0.0,14.791666666666666,8.444444444444446,10.333333333333334,0.044,85.5,644,1567.7179999999985
2024-02-06,0.2,20.208333333333332,10.222222222222221,12.11111111111111,0.064,84.5,669,1567.8539999999985
2024-02-07,9.0,9.0,3.055555555555556,11.38888888888889,0.029,88.375,726,1576.8249999999985
2024-02-08,16.8,6.875,2.611111111111113,11.944444444444445,0.015,92.33333333333333,296,1593.6099999999985
2024-02-09,1.4000000000000001,10.391304347826088,10.0,13.055555555555555,0.046,86.0,1006,1594.9639999999986
2024-02-10,3.0,4.416666666666667,7.555555555555556,12.11111111111111,0.026000000000000002,90.16666666666667,975,1597.9379999999985
2024-02-11,9.0,5.0,5.88888888888889,10.222222222222221,0.02,90.75,915,1606.9179999999985
2024-02-12,0.0,5.416666666666667,4.222222222222223,9.11111111111111,0.041,87.54166666666667,1962,1606.8769999999986
2024-02-13,0.4,7.875,2.666666666666665,9.555555555555557,0.039,85.70833333333333,1369,1607.2379999999987
2024-02-14,5.800000000000001,9.208333333333334,9.500000000000002,13.111111111111112,0.021,92.125,449,1613.0169999999987
2024-02-15,1.8,7.083333333333333,11.77777777777778,15.66666666666667,0.051000000000000004,85.45833333333333,1467,1614.7659999999987
2024-02-16,2.0,6.625,9.166666666666668,12.444444444444445,0.046,86.54166666666667,1300,1616.7199999999987
2024-02-17,0.0,5.25,7.833333333333335,12.666666666666666,0.045,86.66666666666667,1580,1616.6749999999986
2024-02-18,8.0,11.041666666666666,9.000000000000002,12.222222222222223,0.033,88.08333333333333,538,1624.6419999999987
2024-02-19,0.4,7.541666666666667,7.222222222222222,10.833333333333334,0.036000000000000004,88.20833333333333,1056,1625.0059999999987
2024-02-20,0.0,7.478260869565218,5.499999999999999,10.944444444444446,0.039,87.6086956521739,1207,1624.9669999999987
2024-02-21,7.8,10.083333333333334,8.333333333333334,11.055555555555555,0.033,90.16666666666667,690,1632.7339999999988
2024-02-22,14.0,12.708333333333334,5.7222222222222205,14.27777777777778,0.048,87.58333333333333,975,1646.6859999999988
2024-02-23,7.0,9.91304347826087,3.6666666666666674,7.000000000000001,0.037,86.1304347826087,1153,1653.6489999999988
2024-02-24,7.6,7.208333333333333,3.3333333333333335,7.611111111111113,0.035,87.83333333333333,1380,1661.2139999999988
2024-02-25,1.6,7.25,3.3888888888888897,9.166666666666668,0.034,87.25,1248,1662.7799999999988
2024-02-26,8.6,17.708333333333332,5.555555555555555,6.833333333333332,0.044,86.04166666666667,516,1671.3359999999989
2024-02-27,0.0,7.708333333333333,4.444444444444445,7.888888888888891,0.07,79.875,2908,1671.265999999999
2024-02-28,0.0,6.833333333333333,4.111111111111111,9.777777777777779,0.028,89.45833333333333,897,1671.237999999999
2024-02-29,2.5999999999999996,10.041666666666666,6.666666666666667,10.333333333333334,0.036000000000000004,90.75,898,1673.801999999999
2024-03-01,11.4,9.625,4.000000000000002,9.27777777777778,0.049,85.04166666666667,1546,1685.152999999999
2024-03-02,18.6,7.5,4.500000000000001,9.055555555555554,0.043000000000000003,87.54166666666667,1420,1703.7099999999991
2024-03-03,3.4000000000000004,2.0,4.944444444444444,7.277777777777779,0.015,89.58333333333333,669,1707.0949999999991
2024-03-04,0.0,3.0833333333333335,2.5555555555555562,10.611111111111112,0.056,84.41666666666667,2645,1707.038999999999
2024-03-05,0.4,2.0434782608695654,2.8888888888888906,8.88888888888889,0.018000000000000002,88.47826086956522,1006,1707.4209999999991
2024-03-06,0.0,1.7916666666666667,4.0555555555555545,11.333333333333334,0.048,88.41666666666667,2474,1707.3729999999991
2024-03-07,0.0,1.0,2.8333333333333344,3.7777777777777763,0.0,91.5,0,1707.3729999999991
2024-03-08,0.0,,,,0.0,,0,1707.3729999999991
2024-03-09,0.0,6.0,9.777777777777779,10.777777777777777,0.003,75.0,0,1707.3699999999992
2024-03-10,6.2,1.9583333333333333,7.444444444444444,10.055555555555557,0.024,86.41666666666667,945,1713.5459999999991
2024-03-11,3.6,5.875,7.333333333333335,9.055555555555554,0.024,90.875,767,1717.1219999999992
2024-03-12,9.8,8.166666666666666,6.833333333333332,11.333333333333334,0.033,89.875,949,1726.8889999999992
2024-03-13,0.0,10.25,10.444444444444443,13.611111111111112,0.066,84.95833333333333,1667,1726.8229999999992
2024-03-14,0.0,6.541666666666667,7.3888888888888875,16.333333333333332,0.079,82.91666666666667,2683,1726.7439999999992
2024-03-15,1.2,10.916666666666666,10.666666666666668,14.166666666666668,0.07,84.625,1817,1727.8739999999993
2024-03-16,0.0,5.173913043478261,7.944444444444443,10.777777777777777,0.077,78.73913043478261,3109,1727.7969999999993
2024-03-17,0.4,6.291666666666667,8.444444444444446,13.388888888888891,0.04,87.70833333333333,1265,1728.1569999999992
2024-03-18,0.0,5.833333333333333,8.055555555555555,13.88888888888889,0.073,86.54166666666667,3015,1728.0839999999992
2024-03-19,0.0,4.833333333333333,8.38888888888889,15.055555555555557,0.074,83.41666666666667,2830,1728.009999999999
2024-03-20,0.0,1.75,6.166666666666668,17.055555555555557,0.072,84.33333333333333,3239,1727.9379999999992
2024-03-21,0.0,4.125,7.722222222222221,13.16666666666667,0.055,88.20833333333333,2555,1727.8829999999991
2024-03-22,9.4,6.833333333333333,8.166666666666668,10.777777777777777,0.025,90.58333333333333,713,1737.2579999999991
2024-03-23,0.0,11.583333333333334,6.666666666666667,10.111111111111112,0.104,74.0,3084,1737.153999999999
2024-03-24,0.0,11.458333333333334,4.222222222222223,9.944444444444445,0.094,76.29166666666667,2747,1737.059999999999
2024-03-25,0.0,5.043478260869565,2.000000000000001,11.666666666666668,0.076,81.43478260869566,3288,1736.983999999999
2024-03-26,0.2,4.791666666666667,5.277777777777778,12.722222222222221,0.065,79.04166666666667,2462,1737.118999999999
2024-03-27,0.0,9.166666666666666,5.999999999999999,11.722222222222223,0.09,79.04166666666667,3069,1737.028999999999
2024-03-28,1.5999999999999999,13.25,6.888888888888888,12.944444444444443,0.112,74.95833333333333,2963,1738.5169999999991
2024-03-29,0.0,9.695652173913043,7.666666666666665,13.666666666666668,0.101,74.6086956521739,3151,1738.415999999999
2024-03-30,10.0,3.2916666666666665,6.166666666666668,11.88888888888889,0.036000000000000004,88.20833333333333,1595,1748.379999999999
2024-03-31,2.0,6.208333333333333,5.055555555555556,14.888888888888888,0.065,86.875,2530,1750.314999999999
2024-04-01,0.2,6.666666666666667,6.833333333333332,13.499999999999998,0.094,82.83333333333333,3792,1750.420999999999
2024-04-02,5.6000000000000005,9.125,7.000000000000001,12.888888888888891,0.072,84.08333333333333,2256,1755.948999999999
2024-04-03,3.6,11.208333333333334,8.88888888888889,13.611111111111112,0.074,86.16666666666667,2002,1759.474999999999
2024-04-04,9.8,12.0,9.666666666666666,14.833333333333336,0.11,82.95833333333333,3102,1769.164999999999
2024-04-05,0.8,9.25,11.77777777777778,16.944444444444446,0.10200000000000001,82.33333333333333,2963,1769.8629999999991
2024-04-06,0.2,8.91304347826087,13.88888888888889,20.333333333333332,0.13,73.6086956521739,3269,1769.932999999999
2024-04-07,1.2000000000000002,8.291666666666666,12.000000000000002,18.88888888888889,0.144,74.16666666666667,4474,1770.9889999999991
2024-04-08,8.8,4.333333333333333,8.833333333333332,19.111111111111114,0.089,83.0,3244,1779.6999999999991
2024-04-09,0.2,13.625,8.833333333333332,12.722222222222221,0.102,76.375,2464,1779.797999999999
2024-04-10,0.0,7.260869565217392,5.166666666666665,14.555555555555557,0.131,72.43478260869566,4831,1779.666999999999
2024-04-11,0.0,7.583333333333333,11.277777777777777,14.777777777777779,0.045,88.125,1254,1779.621999999999
2024-04-12,0.0,7.875,10.555555555555555,19.72222222222222,0.144,79.79166666666667,4843,1779.477999999999
2024-04-13,0.0,7.0,10.333333333333334,21.38888888888889,0.154,75.91666666666667,4858,1779.323999999999
2024-04-14,0.0,4.25,7.611111111111113,13.777777777777777,0.098,75.79166666666667,3874,1779.225999999999
2024-04-15,5.0,12.375,6.500000000000002,11.222222222222225,0.08600000000000001,77.875,2211,1784.139999999999
2024-04-16,6.2,14.125,6.500000000000002,10.944444444444446,0.09,78.91666666666667,2135,1790.2499999999989
2024-04-17,3.0,6.625,5.1111111111111125,9.722222222222223,0.1,79.0,4120,1793.149999999999
2024-04-18,2.0,4.75,3.3888888888888897,10.777777777777777,0.108,78.33333333333333,4932,1795.041999999999
2024-04-19,7.3999999999999995,13.625,6.722222222222223,11.333333333333334,0.085,79.45833333333333,2342,1802.356999999999
2024-04-20,0.6000000000000001,12.791666666666666,5.88888888888889,9.055555555555554,0.125,72.20833333333333,3950,1802.831999999999
2024-04-21,2.0,11.875,5.499999999999999,10.0,0.13899999999999998,73.5,5161,1804.692999999999
2024-04-22,0.4,5.583333333333333,2.3888888888888875,9.555555555555557,0.11,73.33333333333333,4651,1804.982999999999
2024-04-23,0.0,4.916666666666667,0.8333333333333334,9.944444444444445,0.097,74.33333333333333,4525,1804.885999999999
2024-04-24,4.2,9.958333333333334,5.166666666666665,8.499999999999998,0.091,78.625,3348,1808.994999999999
2024-04-25,5.0,6.291666666666667,4.555555555555557,10.333333333333334,0.07200000000000001,78.41666666666667,2499,1813.922999999999
2024-04-26,5.6,2.5,5.333333333333334,10.0,0.075,80.16666666666667,3557,1819.4479999999992
2024-04-27,8.8,4.291666666666667,7.333333333333335,15.333333333333334,0.069,86.04166666666667,2945,1828.1789999999992
2024-04-28,0.4,10.708333333333334,6.611111111111111,13.16666666666667,0.099,81.0,2830,1828.479999999999
2024-04-29,0.0,4.208333333333333,4.500000000000001,17.944444444444443,0.139,78.375,5739,1828.3409999999992
2024-04-30,0.2,4.375,7.888888888888891,18.5,0.102,81.41666666666667,3578,1828.4389999999992
2024-05-01,0.4,5.0,11.833333333333332,19.72222222222222,0.142,83.95833333333333,5544,1828.6969999999992
2024-05-02,0.6000000000000001,6.666666666666667,9.722222222222223,15.833333333333334,0.074,90.375,2914,1829.2229999999993
2024-05-03,3.6,9.75,7.944444444444443,14.222222222222223,0.091,82.125,2899,1832.7319999999993
2024-05-04,0.0,3.4583333333333335,5.222222222222221,16.333333333333332,0.112,80.58333333333333,4728,1832.6199999999992
2024-05-05,0.0,2.2083333333333335,5.333333333333334,17.5,0.112,80.75,4994,1832.5079999999991
2024-05-06,4.4,3.0416666666666665,8.722222222222225,17.77777777777778,0.063,87.125,2643,1836.8449999999991
2024-05-07,0.2,5.166666666666667,9.833333333333336,15.611111111111112,0.134,85.41666666666667,5521,1836.9109999999991
2024-05-08,0.0,5.458333333333333,7.611111111111113,12.5,0.075,84.70833333333333,2924,1836.835999999999
2024-05-09,0.0,1.9166666666666667,5.6111111111111125,16.88888888888889,0.111,85.16666666666667,5228,1836.724999999999
2024-05-10,0.0,3.6666666666666665,7.833333333333335,18.277777777777782,0.152,80.75,6244,1836.572999999999
2024-05-11,0.0,6.125,10.555555555555555,22.611111111111114,0.182,79.04166666666667,6580,1836.390999999999
2024-05-12,0.0,4.875,12.166666666666666,26.833333333333332,0.197,67.91666666666667,6345,1836.193999999999
2024-05-13,0.0,4.833333333333333,14.000000000000002,22.333333333333336,0.128,77.29166666666667,4184,1836.0659999999991
2024-05-14,18.400000000000002,4.304347826086956,13.944444444444446,20.611111111111107,0.072,85.1304347826087,2512,1854.393999999999
2024-05-15,10.0,2.5833333333333335,12.555555555555557,17.611111111111114,0.076,88.25,3076,1864.317999999999
2024-05-16,22.8,2.3181818181818183,11.833333333333332,15.944444444444446,0.064,89.77272727272727,2798,1887.0539999999992
2024-05-17,0.0,2.3333333333333335,9.833333333333336,16.944444444444446,0.12,87.16666666666667,5384,1886.9339999999993
2024-05-18,1.8,3.25,12.166666666666666,14.666666666666666,0.048,91.04166666666667,2034,1888.6859999999992
2024-05-19,0.0,4.041666666666667,11.500000000000002,16.27777777777778,0.116,88.70833333333333,5159,1888.5699999999993
2024-05-20,0.0,5.260869565217392,11.555555555555555,15.777777777777779,0.098,87.34782608695652,4093,1888.4719999999993
2024-05-21,14.2,2.5833333333333335,13.16666666666667,15.166666666666666,0.035,92.5,1559,1902.6369999999993
2024-05-22,0.0,9.958333333333334,12.666666666666666,17.5,0.115,84.375,3538,1902.5219999999993
2024-05-23,0.0,7.0,11.222222222222225,19.61111111111111,0.146,79.75,4924,1902.3759999999993
2024-05-24,0.0,3.2916666666666665,9.61111111111111,16.222222222222225,0.148,80.16666666666667,6222,1902.2279999999994
2024-05-25,0.0,2.9583333333333335,11.11111111111111,17.27777777777778,0.117,81.04166666666667,5103,1902.1109999999994
2024-05-26,5.0,4.666666666666667,13.055555555555555,19.499999999999996,0.109,83.25,3824,1907.0019999999995
2024-05-27,1.2,6.375,9.166666666666668,16.666666666666668,0.123,78.875,4426,1908.0789999999995
2024-05-28,1.8,7.916666666666667,8.555555555555555,16.500000000000004,0.082,86.33333333333333,2990,1909.7969999999996
2024-05-29,2.2,7.625,13.499999999999998,18.77777777777778,0.129,82.70833333333333,4645,1911.8679999999995
2024-05-30,1.2,4.75,12.555555555555557,15.833333333333334,0.096,83.41666666666667,3781,1912.9719999999995
2024-05-31,3.0,10.958333333333334,12.222222222222223,16.055555555555557,0.091,88.0,3137,1915.8809999999996
2024-06-01,0.4,13.541666666666666,12.555555555555557,13.666666666666668,0.052000000000000005,85.83333333333333,950,1916.2289999999996
2024-06-02,0.0,7.625,8.444444444444446,15.0,0.119,78.0,4124,1916.1099999999997
2024-06-03,0.0,2.25,7.611111111111113,17.72222222222222,0.127,86.33333333333333,5657,1915.9829999999997
2024-06-04,0.0,6.833333333333333,14.000000000000002,21.444444444444443,0.14300000000000002,80.45833333333333,4668,1915.8399999999997
2024-06-05,3.0,3.75,10.388888888888891,16.0,0.16899999999999998,73.25,7187,1918.6709999999996
2024-06-06,0.0,4.291666666666667,9.055555555555554,16.833333333333332,0.153,75.79166666666667,6159,1918.5179999999996
2024-06-07,0.0,5.125,8.055555555555555,17.666666666666664,0.18,76.33333333333333,7339,1918.3379999999995
2024-06-08,0.0,4.916666666666667,8.777777777777777,17.77777777777778,0.107,81.0,3958,1918.2309999999995
2024-06-09,0.0,3.7083333333333335,8.0,16.500000000000004,0.16999999999999998,74.58333333333333,7127,1918.0609999999995
2024-06-10,9.0,8.375,10.5,14.166666666666668,0.106,80.66666666666667,3596,1926.9549999999995
2024-06-11,1.8,4.125,7.777777777777779,14.61111111111111,0.151,76.75,6776,1928.6039999999994
2024-06-12,1.5999999999999999,2.7083333333333335,9.666666666666666,15.333333333333334,0.148,73.54166666666667,6279,1930.0559999999994
2024-06-13,0.6000000000000001,4.375,8.61111111111111,17.444444444444443,0.127,72.16666666666667,4419,1930.5289999999993
2024-06-14,3.8,7.458333333333333,11.77777777777778,18.666666666666664,0.094,83.375,3122,1934.2349999999992
2024-06-15,6.4,11.625,10.833333333333334,16.666666666666668,0.127,82.375,3851,1940.5079999999991
2024-06-16,1.8,8.958333333333334,11.61111111111111,19.27777777777778,0.143,78.95833333333333,4857,1942.164999999999
2024-06-17,0.0,4.25,12.333333333333336,19.88888888888889,0.159,77.58333333333333,6463,1942.005999999999
2024-06-18,5.6,0.0,12.833333333333334,17.944444444444443,0.04,89.16666666666667,1840,1947.565999999999
2024-06-19,0.0,7.5,12.944444444444443,17.166666666666668,0.172,82.33333333333333,7202,1947.3939999999989
2024-06-20,0.0,5.583333333333333,11.833333333333332,19.27777777777778,0.106,84.41666666666667,3952,1947.2879999999989
2024-06-21,0.0,3.5416666666666665,12.666666666666666,19.833333333333336,0.114,81.83333333333333,4380,1947.1739999999988
2024-06-22,1.6,4.6521739130434785,13.333333333333334,20.0,0.12,82.21739130434783,4559,1948.6539999999989
2024-06-23,0.0,3.0833333333333335,11.166666666666668,21.38888888888889,0.184,78.25,7405,1948.469999999999
2024-06-24,0.0,0.0,10.111111111111112,22.5,0.174,74.95833333333333,7325,1948.295999999999
2024-06-25,0.0,2.4166666666666665,13.611111111111112,23.83333333333334,0.186,77.0,7069,1948.109999999999
2024-06-26,0.0,3.1666666666666665,16.833333333333332,24.111111111111114,0.184,82.16666666666667,7157,1947.925999999999
2024-06-27,0.0,5.125,14.166666666666668,26.555555555555554,0.182,75.95833333333333,6040,1947.743999999999
2024-06-28,0.0,6.0,12.333333333333336,19.833333333333336,0.19,73.33333333333333,6961,1947.553999999999
2024-06-29,0.0,2.75,10.222222222222221,20.27777777777778,0.142,78.95833333333333,5696,1947.411999999999
2024-06-30,3.4,3.3333333333333335,13.611111111111112,20.27777777777778,0.104,80.70833333333333,3824,1950.707999999999
2024-07-01,0.0,2.375,11.666666666666668,19.333333333333332,0.132,77.25,5483,1950.5759999999989
2024-07-02,0.0,4.75,13.555555555555555,17.611111111111114,0.093,82.16666666666667,3390,1950.4829999999988
2024-07-03,0.0,5.25,12.166666666666666,17.611111111111114,0.078,83.79166666666667,2704,1950.4049999999988
2024-07-04,0.0,8.583333333333334,14.444444444444445,18.944444444444443,0.191,71.83333333333333,6371,1950.2139999999988
2024-07-05,0.0,7.041666666666667,13.16666666666667,18.000000000000004,0.061,89.16666666666667,2225,1950.1529999999989
2024-07-06,0.0,10.958333333333334,11.222222222222225,17.444444444444443,0.146,79.83333333333333,4208,1950.006999999999
2024-07-07,0.0,6.416666666666667,10.444444444444443,18.277777777777782,0.111,82.20833333333333,3880,1949.8959999999988
2024-07-08,0.0,2.75,11.722222222222223,18.944444444444443,0.083,83.41666666666667,3242,1949.8129999999987
2024-07-09,0.0,2.625,15.888888888888891,22.77777777777778,0.065,85.08333333333333,2237,1949.7479999999987
2024-07-10,0.0,6.041666666666667,14.166666666666668,20.555555555555557,0.11499999999999999,82.25,3801,1949.6329999999987
2024-07-11,0.0,3.875,12.11111111111111,20.666666666666668,0.17,77.41666666666667,6752,1949.4629999999986
2024-07-12,0.0,6.0,13.666666666666668,15.888888888888891,0.08600000000000001,83.45833333333333,3008,1949.3769999999986
2024-07-13,0.0,4.916666666666667,11.77777777777778,18.22222222222222,0.103,80.33333333333333,3922,1949.2739999999985
2024-07-14,0.0,3.625,11.166666666666668,21.05555555555556,0.13899999999999998,77.83333333333333,5358,1949.1349999999986
2024-07-15,0.0,1.9166666666666667,11.333333333333334,23.666666666666664,0.108,80.875,4132,1949.0269999999987
2024-07-16,0.0,8.291666666666666,14.11111111111111,18.944444444444443,0.095,87.08333333333333,2882,1948.9319999999987
2024-07-17,0.0,2.7083333333333335,14.333333333333332,20.888888888888886,0.161,80.625,6463,1948.7709999999986
2024-07-18,0.0,2.2083333333333335,12.666666666666666,26.444444444444443,0.174,76.16666666666667,6420,1948.5969999999986
2024-07-19,0.0,1.7083333333333333,18.000000000000004,29.333333333333332,0.183,72.91666666666667,6448,1948.4139999999986
2024-07-20,0.0,3.25,17.444444444444443,24.277777777777782,0.164,78.25,5771,1948.2499999999986
2024-07-21,0.0,5.375,16.666666666666668,22.055555555555557,0.134,85.16666666666667,4567,1948.1159999999986
2024-07-22,0.0,6.791666666666667,13.944444444444446,22.055555555555557,0.129,81.20833333333333,4170,1947.9869999999987
2024-07-23,0.0,6.958333333333333,14.944444444444445,19.94444444444445,0.083,85.625,2593,1947.9039999999986
2024-07-24,0.0,1.4583333333333333,13.222222222222221,22.277777777777775,0.154,77.54166666666667,6221,1947.7499999999986
2024-07-25,0.0,4.416666666666667,15.888888888888891,21.944444444444446,0.079,83.66666666666667,2494,1947.6709999999987
2024-07-26,0.0,5.958333333333333,13.555555555555555,21.333333333333336,0.155,80.625,5679,1947.5159999999987
2024-07-27,0.0,5.086956521739131,11.88888888888889,21.27777777777778,0.128,79.78260869565217,4265,1947.3879999999988
2024-07-28,0.0,2.8333333333333335,11.444444444444446,22.11111111111111,0.179,75.5,6617,1947.2089999999987
2024-07-29,0.0,3.0833333333333335,12.833333333333334,27.38888888888889,0.186,72.29166666666667,6453,1947.0229999999988
2024-07-30,0.0,2.9583333333333335,16.333333333333332,27.944444444444443,0.184,72.75,6255,1946.8389999999988
2024-07-31,0.0,4.608695652173913,19.055555555555554,25.666666666666668,0.122,80.47826086956522,3766,1946.7169999999987
2024-08-01,0.0,2.9166666666666665,17.27777777777778,23.5,0.11900000000000001,87.33333333333333,4506,1946.5979999999988
2024-08-02,0.0,0.75,16.222222222222225,25.27777777777778,0.124,85.79166666666667,5028,1946.4739999999988
2024-08-03,0.0,6.083333333333333,16.555555555555554,22.5,0.09999999999999999,86.04166666666667,3283,1946.373999999999
2024-08-04,0.0,2.3333333333333335,15.388888888888891,21.38888888888889,0.103,81.20833333333333,3914,1946.2709999999988
2024-08-05,0.0,3.4166666666666665,12.722222222222221,23.333333333333336,0.156,78.29166666666667,5966,1946.1149999999989
2024-08-06,0.0,2.8333333333333335,14.833333333333336,25.72222222222222,0.15,78.66666666666667,5428,1945.9649999999988
2024-08-07,0.0,5.791666666666667,15.944444444444446,22.44444444444445,0.161,74.58333333333333,5229,1945.8039999999987
2024-08-08,0.0,5.75,15.166666666666666,24.444444444444446,0.159,76.0,5314,1945.6449999999986
2024-08-09,0.0,9.625,15.388888888888891,23.88888888888889,0.14,79.54166666666667,4132,1945.5049999999985
2024-08-10,0.0,6.125,15.055555555555557,24.94444444444445,0.174,75.375,5822,1945.3309999999985
2024-08-11,0.0,3.5416666666666665,13.833333333333334,26.444444444444443,0.172,77.70833333333333,5902,1945.1589999999985
2024-08-12,0.0,5.291666666666667,17.5,33.88888888888889,0.187,73.20833333333333,5678,1944.9719999999986
2024-08-13,0.0,5.0,17.833333333333332,24.777777777777775,0.122,81.45833333333333,3947,1944.8499999999985
2024-08-14,0.0,5.416666666666667,15.444444444444443,22.833333333333332,0.138,81.20833333333333,4504,1944.7119999999986
2024-08-15,0.0,7.916666666666667,15.555555555555557,24.22222222222222,0.175,74.54166666666667,4891,1944.5369999999987
2024-08-16,0.0,4.833333333333333,18.277777777777782,20.166666666666664,0.056,88.08333333333333,1861,1944.4809999999986
2024-08-17,0.0,2.7083333333333335,16.166666666666668,21.833333333333332,0.128,84.70833333333333,5086,1944.3529999999987
2024-08-18,0.0,5.208333333333333,14.055555555555555,19.94444444444445,0.126,78.75,4255,1944.2269999999987
2024-08-19,0.0,3.6666666666666665,13.0,22.16666666666667,0.12,82.54166666666667,4453,1944.1069999999988
2024-08-20,0.0,5.833333333333333,15.277777777777779,20.500000000000004,0.059000000000000004,82.5,1436,1944.0479999999989
2024-08-21,0.0,9.625,13.0,19.61111111111111,0.176,69.95833333333333,4996,1943.871999999999
2024-08-22,0.0,8.25,12.055555555555557,22.22222222222222,0.147,70.29166666666667,3539,1943.724999999999
2024-08-23,0.0,11.0,15.222222222222221,23.333333333333336,0.158,72.08333333333333,3542,1943.566999999999
2024-08-24,0.0,7.625,14.888888888888888,24.777777777777775,0.076,86.625,1798,1943.490999999999
2024-08-25,0.0,8.208333333333334,11.555555555555555,20.222222222222225,0.132,76.08333333333333,3946,1943.358999999999
2024-08-26,0.0,6.875,12.388888888888888,22.277777777777775,0.121,76.0,3360,1943.237999999999
2024-08-27,0.0,2.7083333333333335,12.333333333333336,24.777777777777775,0.15,73.04166666666667,5144,1943.0879999999988
2024-08-28,0.0,2.0833333333333335,11.555555555555555,28.77777777777778,0.156,71.625,5104,1942.9319999999989
2024-08-29,0.0,4.6521739130434785,15.66666666666667,20.388888888888893,0.104,79.78260869565217,3411,1942.8279999999988
2024-08-30,0.0,5.541666666666667,13.722222222222225,22.38888888888889,0.123,76.33333333333333,3713,1942.7049999999988
2024-08-31,0.0,9.625,16.61111111111111,23.61111111111111,0.149,75.66666666666667,4029,1942.555999999999
2024-09-01,0.0,4.291666666666667,17.055555555555557,30.944444444444446,0.133,77.625,4108,1942.4229999999989
2024-09-02,0.0,3.625,17.77777777777778,25.055555555555554,0.119,82.875,4124,1942.303999999999
2024-09-03,0.0,3.5833333333333335,15.944444444444446,21.38888888888889,0.062,83.125,1996,1942.241999999999
2024-09-04,8.0,2.8333333333333335,14.000000000000002,20.27777777777778,0.054,84.41666666666667,1826,1950.187999999999
2024-09-05,0.8,6.625,15.111111111111112,21.666666666666668,0.059000000000000004,85.41666666666667,1541,1950.928999999999
2024-09-06,2.8,4.333333333333333,15.5,18.666666666666664,0.024,91.5,705,1953.704999999999
2024-09-07,0.0,2.4583333333333335,12.166666666666666,24.111111111111114,0.096,84.20833333333333,3324,1953.608999999999
2024-09-08,8.2,7.083333333333333,14.27777777777778,20.27777777777778,0.12,81.91666666666667,3803,1961.688999999999
2024-09-09,2.0,9.041666666666666,15.0,18.000000000000004,0.067,86.25,1736,1963.621999999999
2024-09-10,13.6,9.458333333333334,11.333333333333334,16.61111111111111,0.055,86.29166666666667,1250,1977.166999999999
2024-09-11,4.8,12.0,10.777777777777777,15.388888888888891,0.144,70.75,4059,1981.822999999999
2024-09-12,5.6000000000000005,8.0,9.888888888888888,13.777777777777777,0.087,74.0,2294,1987.3359999999989
2024-09-13,16.6,4.25,10.0,15.111111111111112,0.062,80.33333333333333,2187,2003.873999999999
2024-09-14,0.0,1.9166666666666667,8.555555555555555,17.11111111111111,0.092,76.20833333333333,3697,2003.7819999999988
2024-09-15,0.0,4.041666666666667,7.833333333333335,17.666666666666664,0.096,82.20833333333333,3629,2003.6859999999988
2024-09-16,0.6000000000000001,5.666666666666667,12.555555555555557,18.55555555555556,0.094,81.04166666666667,2971,2004.1919999999989
2024-09-17,0.0,8.625,11.11111111111111,19.388888888888893,0.093,83.83333333333333,2599,2004.0989999999988
2024-09-18,0.0,8.208333333333334,14.166666666666668,20.944444444444446,0.111,84.875,3665,2003.9879999999987
2024-09-19,0.0,8.208333333333334,14.27777777777778,22.833333333333332,0.125,83.83333333333333,3940,2003.8629999999987
2024-09-20,0.0,6.625,13.611111111111112,23.22222222222222,0.124,80.33333333333333,3867,2003.7389999999987
2024-09-21,0.0,3.0416666666666665,11.61111111111111,24.94444444444445,0.107,79.25,3631,2003.6319999999987
2024-09-22,0.0,2.25,15.277777777777779,23.055555555555557,0.062,81.5,1868,2003.5699999999988
2024-09-23,14.000000000000002,5.5,12.555555555555557,20.111111111111114,0.079,85.41666666666667,2595,2017.4909999999988
2024-09-24,0.4,5.625,12.222222222222223,16.833333333333332,0.042,88.5,1356,2017.8489999999988
2024-09-25,9.8,6.0,12.833333333333334,17.666666666666664,0.063,85.16666666666667,1859,2027.5859999999989
2024-09-26,4.4,10.458333333333334,14.000000000000002,20.111111111111114,0.103,83.20833333333333,2943,2031.882999999999
2024-09-27,19.6,13.416666666666666,10.5,14.11111111111111,0.063,82.04166666666667,1011,2051.4199999999987
2024-09-28,0.0,7.416666666666667,6.944444444444445,13.833333333333334,0.109,73.0,3597,2051.310999999999
2024-09-29,0.0,3.9583333333333335,4.166666666666667,14.666666666666666,0.065,80.66666666666667,2376,2051.2459999999987
2024-09-30,3.2,11.0,10.88888888888889,16.222222222222225,0.044,87.83333333333333,970,2054.4019999999987
2024-10-01,4.2,9.791666666666666,9.777777777777779,15.277777777777779,0.048,87.25,1018,2058.5539999999987
2024-10-02,0.2,4.5,6.833333333333332,16.055555555555557,0.059,87.16666666666667,2220,2058.694999999999
2024-10-03,0.0,6.583333333333333,7.833333333333335,14.11111111111111,0.097,77.16666666666667,3284,2058.5979999999986
2024-10-04,0.0,1.5416666666666667,4.500000000000001,14.944444444444445,0.068,82.0,3024,2058.5299999999984
2024-10-05,0.0,2.0,3.444444444444446,16.222222222222225,0.07,83.91666666666667,3050,2058.459999999998
2024-10-06,1.2,6.541666666666667,7.055555555555557,16.666666666666668,0.073,84.0,2505,2059.586999999998
2024-10-07,0.4,5.875,12.11111111111111,18.333333333333336,0.07100000000000001,85.125,2482,2059.9159999999983
2024-10-08,0.0,7.083333333333333,12.888888888888891,19.000000000000004,0.072,83.16666666666667,2266,2059.8439999999982
2024-10-09,0.0,8.2,13.16666666666667,15.555555555555557,0.031,86.2,789,2059.8129999999983
2024-10-10,0.0,,,,0.0,,0,2059.8129999999983
2024-10-11,0.0,,,,0.0,,0,2059.8129999999983
2024-10-12,0.0,,,,0.0,,0,2059.8129999999983
2024-10-13,0.0,4.1875,7.166666666666666,11.944444444444445,0.046,78.125,1676,2059.7669999999985
2024-10-14,9.0,5.125,6.722222222222223,10.333333333333334,0.026000000000000002,89.75,935,2068.7409999999986
2024-10-15,0.0,5.541666666666667,8.222222222222221,15.333333333333334,0.042,90.75,1585,2068.6989999999987
2024-10-16,0.0,6.916666666666667,12.444444444444445,22.722222222222225,0.074,84.41666666666667,1908,2068.6249999999986
2024-10-17,2.6,4.625,14.777777777777779,18.22222222222222,0.041,88.29166666666667,1102,2071.183999999999
2024-10-18,3.2,1.5833333333333333,12.888888888888891,17.555555555555557,0.027,89.33333333333333,1181,2074.3569999999986
2024-10-19,0.0,5.375,11.055555555555555,15.777777777777779,0.037,90.45833333333333,1293,2074.319999999999
2024-10-20,0.6000000000000001,9.333333333333334,11.11111111111111,17.27777777777778,0.037,90.125,937,2074.882999999999
2024-10-21,17.0,4.583333333333333,11.61111111111111,14.38888888888889,0.023,89.66666666666667,612,2091.8599999999988
2024-10-22,0.2,4.666666666666667,8.111111111111112,16.500000000000004,0.051000000000000004,86.91666666666667,2023,2092.0089999999987
2024-10-23,0.0,3.3333333333333335,8.055555555555555,16.38888888888889,0.047,88.16666666666667,2030,2091.9619999999986
2024-10-24,0.2,3.9166666666666665,5.444444444444443,15.722222222222221,0.056,88.16666666666667,2288,2092.1059999999984
2024-10-25,0.0,3.8333333333333335,10.277777777777779,19.555555555555557,0.049,88.79166666666667,1935,2092.0569999999984
2024-10-26,0.2,1.625,11.166666666666668,16.88888888888889,0.026000000000000002,92.16666666666667,1087,2092.2309999999984
2024-10-27,0.0,2.5217391304347827,8.88888888888889,15.277777777777779,0.051,86.52173913043478,2243,2092.1799999999985
2024-10-28,0.8,6.333333333333333,8.166666666666668,16.055555555555557,0.04,88.95833333333333,1269,2092.9399999999987
2024-10-29,2.4,5.291666666666667,12.444444444444445,14.166666666666668,0.022,92.5,574,2095.317999999999
2024-10-30,1.0,1.625,12.277777777777779,14.833333333333336,0.022,92.0,918,2096.295999999999
2024-10-31,0.0,1.2083333333333333,9.38888888888889,16.38888888888889,0.037,86.91666666666667,1682,2096.258999999999
2024-11-01,0.0,4.416666666666667,9.38888888888889,11.944444444444445,0.011,92.91666666666667,352,2096.247999999999
2024-11-02,0.0,3.0,10.333333333333334,13.16666666666667,0.012,91.125,509,2096.235999999999
2024-11-03,0.0,2.9166666666666665,8.666666666666668,10.777777777777777,0.015,89.125,330,2096.220999999999
2024-11-04,0.0,3.0,5.88888888888889,9.888888888888888,0.013000000000000001,92.95833333333333,677,2096.207999999999
2024-11-05,0.2,3.2916666666666665,6.388888888888889,8.833333333333332,0.007,95.375,344,2096.4009999999994
2024-11-06,0.0,1.25,8.944444444444446,12.444444444444445,0.009000000000000001,94.41666666666667,423,2096.3919999999994
2024-11-07,0.2,4.291666666666667,6.666666666666667,10.5,0.011,90.41666666666667,422,2096.580999999999
2024-11-08,0.0,5.260869565217392,5.055555555555556,6.388888888888889,0.007,91.73913043478261,250,2096.573999999999
2024-11-09,0.0,2.0416666666666665,5.388888888888891,8.222222222222221,0.008,92.58333333333333,392,2096.5659999999993
2024-11-10,0.0,3.4583333333333335,8.222222222222221,10.444444444444443,0.014,90.16666666666667,477,2096.551999999999
2024-11-11,2.0,9.916666666666666,10.055555555555557,12.833333333333334,0.051000000000000004,82.95833333333333,982,2098.5009999999993
2024-11-12,1.2,8.958333333333334,5.999999999999999,11.61111111111111,0.041,84.75,887,2099.6599999999994
2024-11-13,0.0,1.75,4.500000000000001,5.833333333333334,0.001,88.75,0,2099.658999999999
